Price,Close,High,Low,Open,Volume
2022-07-01,3.536276340484619,3.6613108225138067,3.536276340484619,3.6613108225138067,20243241
2022-07-04,3.4982235431671143,3.5362762665011687,3.375907509283977,3.533558739985717,31293525
2022-07-05,3.50365948677063,3.509095458772121,3.400370734407716,3.4900688675058693,20857550
2022-07-06,3.5987937450408936,3.7102366899029176,3.5063771625012374,3.5063771625012374,35647037
2022-07-07,3.6015121936798096,3.6341291758726837,3.533558864653236,3.62869297388159,10444002
2022-07-08,3.6042299270629883,3.609665899612252,3.5716129429989034,3.6015124002957566,4540377
2022-07-13,3.593357801437378,3.615102609556795,3.530840444202455,3.604229745989709,7271331
2022-07-14,3.582484483718872,3.6015119937694378,3.5553037050258243,3.5906391308834,5524326
2022-07-18,3.6015121936798096,3.636847621498761,3.533558864653236,3.5797671559617483,12847107
2022-07-19,3.715672731399536,3.751008159847592,3.5879207186890887,3.6015122578003953,32307645
2022-07-20,3.7374179363250732,3.7510083272745334,3.6884921153503534,3.715672897249274,20473026
2022-07-21,3.7374179363250732,3.9086595733819505,3.696646533722991,3.7319819637482503,34060450
2022-07-22,3.8189613819122314,3.8325517718701354,3.7292632458650083,3.7292632458650083,16818450
2022-07-25,3.813525438308716,3.8733241195370716,3.8108067629371822,3.848860636266999,10160966
2022-07-26,3.7374179363250732,3.8325520514935043,3.721108869826097,3.8162441337630355,7453900
2022-07-27,3.76188063621521,3.7917800892506923,3.721108320616036,3.737417384707906,6537950
2022-07-28,3.7374179363250732,3.7645998669925014,3.729263517952436,3.7618811914429853,4138021
2022-07-29,3.805370807647705,3.818961427521605,3.7319817360330707,3.737417708278206,12497775
2022-08-01,3.7211084365844727,3.816243689444993,3.7156724646405497,3.7781898180544595,7444441
2022-08-02,3.6667468547821045,3.748290574075369,3.6531564646535815,3.7374177105637,5613221
2022-08-03,3.650437831878662,3.7673167433171235,3.6422834144166423,3.7510079083930843,8222132
2022-08-04,3.691209316253662,3.7645995346355603,3.666746752556527,3.7645995346355603,8255202
2022-08-05,3.634129285812378,3.7020823871409823,3.598793856924459,3.691209523322495,9277483
2022-08-08,3.631411552429199,3.699363730875382,3.5716126428606567,3.634129078968065,13647857
2022-08-09,3.609665632247925,3.6341291151835287,3.596075242373991,3.6205384955559117,4757917
2022-08-10,3.6205387115478516,3.6314118052581823,3.5580215818267837,3.6069483208631503,7458729
2022-08-11,3.5797669887542725,3.6368474516251115,3.5797669887542725,3.6178199414071357,4978257
2022-08-12,3.6015121936798096,3.6422835937361673,3.577048710335671,3.585203357952842,5322811
2022-08-15,3.6966464519500732,3.737417853650258,3.5770488545556276,3.6151027295349176,11419946
2022-08-16,3.587920665740967,3.805370813830346,3.498223677245196,3.7510081044927355,19107418
2022-08-17,3.582484483718872,3.636847419627013,3.5525852595506406,3.606947965705108,8405360
2022-08-18,3.6178200244903564,3.704800632804704,3.555303817954012,3.5879205696187455,20080845
2022-08-19,3.6450021266937256,3.6830560010504962,3.601512279969307,3.6151026703958125,7004583
2022-08-22,3.6205387115478516,3.6803376252797606,3.6015123483922276,3.645002195942883,4900112
2022-08-23,3.6640284061431885,3.6776187962605573,3.609665696905277,3.623257006037395,10418305
2022-08-24,3.5987937450408936,3.674901491867235,3.5743302617172352,3.6667468442568913,7267105
2022-08-25,3.5852036476135254,3.6205388485336396,3.571613026660916,3.598794038812429,7186854
2022-08-26,3.547149419784546,3.59607523681166,3.5362763267396944,3.587920589343283,7271104
2022-08-29,3.5118141174316406,3.5444311001886804,3.490069079337462,3.536276452430461,5270490
2022-08-31,3.770035743713379,3.770035743713379,3.5172501591110894,3.5444311700726145,16637639
2022-09-01,3.7972164154052734,3.8243983445976237,3.6830559429056886,3.7700356349813684,22103128
2022-09-02,3.789062023162842,3.908659387769815,3.7645996882213884,3.7727531871920315,13126577
2022-09-05,3.9548676013946533,4.022820926142915,3.7183908767642198,3.791780173407641,36148088
2022-09-06,3.8869144916534424,4.063592318658742,3.7972163553481435,3.9956389901516007,23417996
2022-09-07,3.802652597427368,3.9467136824671627,3.7944990980622846,3.914095549440198,10664172
2022-09-08,3.789062023162842,3.90050496978441,3.775471632858754,3.8325518694955183,7199546
2022-09-09,3.7781901359558105,3.8733242480526533,3.7374178156553355,3.8243984286575983,10139964
2022-09-12,3.672182559967041,3.8243980429866125,3.669464114533138,3.745571856042924,15567255
2022-09-13,3.571612596511841,3.6857732933066027,3.571612596511841,3.6857732933066027,9070367
2022-09-14,3.5960752964019775,3.653156451104405,3.397652430660581,3.5716127321135778,11124459
2022-09-15,3.590639352798462,3.6178201331713846,3.5661758693002907,3.5960753250700956,6854616
2022-09-16,3.6178200244903564,3.625974442160221,3.574330179840546,3.5879205696187455,4050324
2022-09-19,3.631411552429199,3.7319816312132432,3.617820013922294,3.617820013922294,7460438
2022-09-20,3.609665632247925,3.693927795594307,3.54986787085188,3.6422835329108354,7880301
2022-09-21,3.6205387115478516,3.66946453156943,3.5743304182543403,3.609665847591218,4938217
2022-09-22,3.6776187419891357,3.7265457080147115,3.620538506978946,3.620538506978946,7370309
2022-09-23,3.634129285812378,3.7211087500548645,3.6286930836568283,3.6830560242271,5918287
2022-09-26,3.691209316253662,3.829834186596326,3.617820016886489,3.6341290819456225,12500703
2022-09-27,3.715672731399536,3.7727531979527975,3.677618857277004,3.704800786731161,14032359
2022-09-28,3.7781901359558105,3.8108068893784597,3.6803375781509238,3.718391222989661,15299450
2022-09-29,3.6939280033111572,3.859733893746833,3.6178202534123933,3.8053709526720634,11873369
2022-09-30,3.8434247970581055,3.8434247970581055,3.688492001527558,3.751008211522557,8277254
2022-10-03,3.9494314193725586,3.9929210302493825,3.859733292801298,3.873323681323475,19605108
2022-10-04,3.965740203857422,4.096210443621328,3.8923508950247214,3.982049041266338,21102566
2022-10-05,3.914095163345337,4.017383686789671,3.895068801678932,3.9956388795931876,11382110
2022-10-06,4.017384052276611,4.050002185053532,3.916813965212856,3.92768728881503,10182571
2022-10-07,4.196780204772949,4.253861590713839,3.954867946636848,4.0173839264252775,26544180
2022-10-10,4.5256733894348145,4.615371525725299,4.378895247560436,4.378895247560436,57980625
2022-10-11,4.563727855682373,4.729532372947171,4.395203514074073,4.5881901920146415,39920928
2022-10-12,4.596343994140625,4.639833607360714,4.484901056126292,4.566444770174978,19935579
2022-10-13,4.645271301269531,4.88174758403854,4.550136731424469,4.599062779668508,27037155
2022-10-14,4.599062919616699,4.680606642176372,4.57459966499658,4.65886183329675,11836980
2022-10-17,4.702351093292236,4.764868447956346,4.599062569711329,4.64798815621443,15722682
2022-10-18,4.645271301269531,4.827385103986327,4.637116423803582,4.715941698224125,14141916
2022-10-19,4.881747245788574,4.957854988292693,4.656142923252985,4.6670157861159645,18382652
2022-10-20,4.851848125457764,4.938827813670536,4.756714019677019,4.843693707889791,20041151
2022-10-21,4.830103874206543,4.9986268384806225,4.813794577686108,4.851848683885635,19099172
2022-10-24,4.914363861083984,5.009499340733459,4.827384636632966,4.830103082027562,30659292
2022-10-25,4.995907783508301,5.085605916635974,4.8654384818339595,4.97416297648047,24804564
2022-10-26,5.082888603210449,5.101915425034222,4.979600076237485,5.014935733769456,13328014
2022-10-27,5.411781311035156,5.591177594923815,5.066580053124027,5.1155061034993885,44211461
2022-10-28,5.256847858428955,5.409063348347512,5.2323855244738375,5.409063348347512,8165173
2022-10-31,5.422654151916504,5.591177570993901,5.2785930686609905,5.368291669728815,21511573
2022-11-01,5.322082996368408,5.460708103203972,5.305775079284876,5.42537244482678,13321937
2022-11-02,5.042116165161133,5.3628545873706015,5.042116165161133,5.327519391790249,21971597
2022-11-03,4.976881980895996,5.199768345744619,4.960573144039954,5.0883249335666045,18267436
2022-11-04,5.096479415893555,5.3818817411832205,4.993190430161252,5.014935697450491,30491847
2022-11-07,5.259566307067871,5.330237160954332,5.112788167684899,5.197049411335439,23218715
2022-11-08,5.11278772354126,5.308491892384563,5.080169596221838,5.3003374754315375,16617325
2022-11-09,5.11278772354126,5.24053857094513,5.082888041544394,5.137250055385688,14189409
2022-11-10,5.599332332611084,5.607486751389987,5.0964800308023,5.123660814055411,38475203
2022-11-11,5.9526872634887695,6.012486173674918,5.615640448010473,5.640104160708632,41302490
2022-11-14,6.542520523071289,6.547956495181645,5.846681170386063,5.952687221611645,35629899
2022-11-15,6.890439510345459,7.08750383169618,6.382150402548894,6.550674722502671,66303940
2022-11-16,6.662117958068848,7.080708493108362,6.632218732603318,6.917621056829781,30104792
2022-11-17,6.944803237915039,7.284568523999301,6.1837284824380045,6.670272838970186,52240431
2022-11-18,7.325338840484619,7.359315732727893,7.012754832200871,7.216614347631124,46125180
2022-11-21,8.052437782287598,8.052437782287598,7.338929875053662,7.556380258402084,58927603
2022-11-22,8.208728790283203,8.56208348464083,7.957302009180706,8.161161511749508,58853258
2022-11-23,8.460156440734863,8.657219871728591,7.9640988869015885,8.235911308112618,48248030
2022-11-24,8.833898544311523,8.956213902850184,8.466951549680724,8.63003900073721,41601813
2022-11-25,8.494131088256836,9.717286332571694,8.398997444998345,9.703695943394008,77885722
2022-11-28,8.283475875854492,8.697990072666224,8.188342238385342,8.602856435197074,47628595
2022-11-29,8.263092041015625,8.54169962521745,8.127185386835743,8.358225688025348,26524618
2022-11-30,8.827101707458496,8.942622779975935,8.263092249015447,8.37861240251814,43629592
2022-12-01,8.786330223083496,8.969803239318109,8.657218765127542,8.956212849748445,25884946
2022-12-02,8.901849746704102,9.17366306114033,8.534903702146154,8.793125707550251,40394978
2022-12-05,9.377522468566895,9.69010697972604,8.91544181643148,9.010576392699884,46722387
2022-12-06,9.040115356445312,10.065835964118442,8.940605360846103,9.376919549568457,37939628
2022-12-07,9.124317169189453,9.484085732447477,8.894678345099612,9.17789940830795,31658391
2022-12-08,9.00949764251709,9.33864644956822,8.688003309278702,9.124316587737713,22549709
2022-12-09,8.963568687438965,9.131970782227294,8.841095272151742,8.99418750076813,21736235
2022-12-12,9.575939178466797,9.706067982794234,9.177898292114875,9.200862631238396,40796277
2022-12-13,9.262100219726562,9.675450092202736,9.185553640707528,9.644832195806947,24483199
2022-12-14,8.710967063903809,9.323337858552263,8.657384826150395,9.300373517220926,27607260
2022-12-15,8.833440780639648,9.032460769338376,8.47367317105755,8.917640908848155,16876643
2022-12-16,8.611456871032715,9.032461208608549,8.573183582341318,9.00184331286724,5847642
2022-12-19,8.343544960021973,8.802823515807521,8.305271670455278,8.726276017659352,25957145
2022-12-20,8.312926292419434,8.818131701852865,8.25934405367896,8.496637350395227,28862122
2022-12-21,8.366508483886719,8.550218601630156,8.305270858957549,8.374162957249192,21802179
2022-12-22,8.251688957214355,8.488983155052265,8.152178961483479,8.38181776663732,15142425
2022-12-23,8.121560096740723,8.312924672661204,8.045012612146216,8.266997836130814,10762014
2022-12-26,8.282307624816895,8.527256319183355,8.121561824730106,8.190452094183176,20792351
2022-12-27,7.738829612731934,8.366509360420542,7.616355269057019,8.305271729075692,28129987
2022-12-28,7.463262557983398,7.922539250012441,7.363752562093036,7.738829124609662,30214376
2022-12-29,7.738829612731934,7.7541394800755405,7.3714075007219755,7.474745199478473,14051686
2022-12-30,8.037359237670898,8.113905813710634,7.654627735994339,7.7541391119592635,17608393
2023-01-02,7.9378485679626465,8.38181720096931,7.907230675351611,8.067977368603541,17921844
2023-01-03,7.555117607116699,8.014395676843028,7.516844779270028,7.983776863156854,25191878
2023-01-04,7.271896839141846,8.037359398284082,7.176213617180108,7.558945126504916,31264850
2023-01-05,7.072876930236816,7.417335155157985,6.789655416741153,7.379061406379117,19156082
2023-01-06,7.000157356262207,7.076703472755881,6.422233096892642,6.759036836578078,22370318
2023-01-09,6.935093402862549,7.27189716451877,6.7322456984391685,7.076703934391871,22048668
2023-01-10,6.713109493255615,7.000157792631158,6.628907978701171,6.935093382777296,11890916
2023-01-11,6.261485576629639,6.827928594358139,6.211731036602149,6.713109187928681,12647257
2023-01-12,6.445197105407715,6.49495164558175,6.093083492141301,6.410751053623731,13359356
2023-01-13,7.007811069488525,7.088184878935199,6.383959075122666,6.452850714859522,29306377
2023-01-16,7.17621374130249,7.329306899089226,6.938920909058173,7.049913080847645,19437715
2023-01-17,7.130285739898682,7.43647112624284,7.0805312004896575,7.271896722324226,18341251
2023-01-18,7.04991340637207,7.245105721139371,7.0192941300905565,7.157077886559201,14388621
2023-01-19,7.061394691467285,7.245105283477271,6.958056995235074,7.049912980501141,17790144
2023-01-20,7.654627323150635,7.685246595225434,7.023120861926641,7.103494670532018,32067318
2023-01-23,7.570426940917969,8.037359020299691,7.570426940917969,7.9684669199241736,34859206
2023-01-24,7.325479507446289,7.539809385859881,7.145595682869934,7.539809385859881,19491315
2023-01-25,7.11497688293457,7.4785712871536845,6.996329779997018,7.348442932830615,17066307
2023-01-26,7.080531597137451,7.3484432508126485,7.080531597137451,7.1302861393337,10294202
2023-01-27,6.8317551612854,7.080531070308186,6.7207629952393795,6.996329562178177,12079396
2023-01-30,6.82792854309082,7.046085183915078,6.759036899750416,6.850892424204289,9124765
2023-01-31,6.5140886306762695,6.843237437571979,6.5140886306762695,6.827928489953723,11707763
2023-02-01,6.33803129196167,6.938920323217493,6.3150683311486375,6.529397263531012,22904994
2023-02-02,6.491124629974365,6.525570680494624,6.0280193234120265,6.341859176898849,18132678
2023-02-03,6.7896552085876465,6.797309222896948,6.437542520410013,6.529397584732229,10644426
2023-02-06,6.877682685852051,6.984847151859142,6.468160545883779,6.632734941115255,5265235
2023-02-07,6.192594051361084,6.8738550594917305,6.192594051361084,6.831754995708129,8282230
2023-02-08,6.192594051361084,6.192594051361084,6.192594051361084,6.192594051361084,0
2023-02-15,6.808791160583496,6.808791160583496,6.276794679824704,6.276794679824704,10411543
2023-02-16,6.8853373527526855,7.375234234514119,6.659526704252897,7.137940497029147,22544912
2023-02-17,6.7705183029174805,6.8853372437603495,6.579152788836225,6.862373363690305,10261288
2023-02-20,7.444125652313232,7.444125652313232,6.736073032753597,6.782000795076783,26465100
2023-02-21,7.830685138702393,8.144525012465257,7.4670898043615965,7.7311751365613155,44597481
2023-02-22,7.069048881530762,7.823029242261721,7.0499126973557535,7.823029242261721,26870731
2023-02-23,6.96571159362793,7.1876959380121,6.774345605207738,7.01929383144174,15596044
2023-02-24,6.927438259124756,7.2795509353471095,6.896819445882912,6.965711086416026,18169242
2023-02-27,6.958056926727295,6.96571140062936,6.755209232756172,6.927438571611657,13614881
2023-02-28,7.046085357666016,7.203005292395465,6.912129304616305,6.965711542033234,53512675
2023-03-01,7.015466690063477,7.130285633850628,6.988675113038616,7.034602874356424,15622484
2023-03-02,6.797308921813965,7.026948640230921,6.793482604089858,7.015466470507132,13418364
2023-03-03,6.697799205780029,6.927438474193807,6.59063473462862,6.797309203137015,11090940
2023-03-06,6.90447473526001,7.011639208614733,6.697799343487601,6.728417698802182,12003924
2023-03-07,6.7705183029174805,6.984847237561426,6.762863369889229,6.927438226647346,11593687
2023-03-08,6.659526824951172,6.7896551767615385,6.651871432155636,6.77051853280218,9000933
2023-03-09,6.7513813972473145,6.831755209593141,6.690144688277261,6.713109028525242,11724607
2023-03-10,6.759037017822266,6.904474780912385,6.640389454233202,6.70928155828444,12328771
2023-03-13,6.60594367980957,6.866201302813547,6.598289206017937,6.866201302813547,21155140
2023-03-14,6.560016632080078,6.667181107350391,6.48729729020858,6.60594393611922,9889466
2023-03-15,6.303586483001709,6.605943713396979,6.272967209157382,6.560016410906296,10845120
2023-03-16,6.387787342071533,6.468161158699087,6.280622865911319,6.387787342071533,6906606
2023-03-17,6.326549530029297,6.517915513931846,6.295931174788136,6.506433343524298,9841078
2023-03-20,6.093082904815674,6.326548932821019,6.058638234874029,6.326548932821019,10784403
2023-03-21,5.897890567779541,6.161974945735442,5.825170775400421,6.096910545512297,8854468
2023-03-22,6.028019428253174,6.054811005571504,5.886408905889985,5.917027260601456,6632576
2023-03-23,6.108392715454102,6.32654887606594,5.970608982342872,6.02419213236772,10224702
2023-03-24,6.03184700012207,6.234694687227396,5.959127202976915,6.119874825538468,6695595
2023-03-27,6.21555757522583,6.311241259744366,6.0088830958224735,6.047156845334325,12774980
2023-03-28,6.058638572692871,6.234694682911147,6.012710352344679,6.21555712029485,11743909
2023-03-29,6.44136905670166,6.563842930720956,5.828998767590474,6.005055334842937,25463024
2023-03-30,6.429886817932129,6.582980422459395,6.364822874608956,6.418405107760046,14645290
2023-03-31,6.560016632080078,6.674835581439016,6.391614985578594,6.433715052573423,19662060
2023-04-03,6.60594367980957,6.716936766339847,6.49112473490559,6.567670851344034,14164755
2023-04-04,6.67866325378418,7.011639308535976,6.621253319805401,6.889165426024925,20109541
2023-04-05,6.460505485534668,6.736072976173906,6.4222331164324435,6.72076310951827,11262163
2023-04-06,6.322722434997559,6.491124529134033,6.269140660647323,6.46433295269788,9362512
2023-04-07,6.234694480895996,6.395441179123063,6.089256269940914,6.295930727520671,14730657
2023-04-10,6.387787342071533,6.387787342071533,6.169630693167617,6.24234957613559,10587090
2023-04-11,6.429886817932129,6.552361150145121,6.32272235162995,6.395441227908528,14466662
2023-04-12,6.3724775314331055,6.468160749823958,6.3533408877549356,6.441369172970101,7422869
2023-04-13,6.387787342071533,6.514088922627005,6.353341289371898,6.39161503865502,9000540
2023-04-14,6.238521575927734,6.429887096477974,6.181112563072981,6.387787031182523,5203586
2023-04-17,6.161975383758545,6.265313076048655,6.108393148945814,6.238521499134925,5926382
2023-04-18,6.112220764160156,6.223212937006568,6.077775170936039,6.161975765210212,5525386
2023-04-19,6.085428714752197,6.165802525235525,6.085428714752197,6.112220291251545,5224789
2023-04-20,6.054811000823975,6.093083369799089,6.008882779531723,6.089256592408949,1839083
2023-04-24,6.03184700012207,6.18876692635477,6.03184700012207,6.054810880558383,4867864
2023-04-25,6.116046905517578,6.2500029464145745,6.047156185743015,6.047156185743015,8739556
2023-04-26,5.97061014175415,6.119875613564029,5.955301192496926,6.085429558720433,5520997
2023-04-27,5.752452850341797,6.062465012502642,5.752452850341797,6.008882776945798,6462199
2023-04-28,5.564914226531982,5.82134459698296,5.518986467571709,5.817516900813484,6685778
2023-05-02,5.2893476486206055,5.6031875138499005,5.220456464017218,5.564914684571061,7600774
2023-05-03,5.220456123352051,5.358238943075076,4.8798247024961565,5.289347303459888,8525791
2023-05-04,5.274038314819336,5.3926849499665845,5.220456082045056,5.228110555439282,4221729
2023-05-05,5.078845024108887,5.319966446146629,5.078845024108887,5.285520397424855,3233776
2023-05-08,5.124773025512695,5.197492363035353,5.013780860328354,5.078845264712786,4570888
2023-05-09,5.0673627853393555,5.319966373329277,5.0673627853393555,5.189837112998913,7668990
2023-05-10,4.895135402679443,5.128601477912853,4.895135402679443,5.0711915386957,4506965
2023-05-11,5.189837455749512,5.319966724673956,4.8874793127211555,4.895134705404877,11602512
2023-05-12,5.032917022705078,5.319966675235244,4.986990181117915,5.319966675235244,9044262
2023-05-15,5.071191310882568,5.258729610120445,4.799451495537662,4.814761363383386,7078441
2023-05-16,5.316139221191406,5.319966917672129,5.101809355610461,5.1592192887327295,6608264
2023-05-17,5.354412078857422,5.377375958356038,5.251074391359978,5.316138793190614,8341556
2023-05-18,5.0941548347473145,5.358239238056902,5.090327138301845,5.358239238056902,5702710
2023-05-22,5.075018405914307,5.243420499148156,5.021435253329203,5.10180906319215,5713207
2023-05-23,5.143908977508545,5.2051466018220065,5.036744513482011,5.075018258431594,5245337
2023-05-24,5.029090404510498,5.297002019012998,4.983162187144757,5.1477365762195015,5793738
2023-05-25,5.006126880645752,5.0941547065283865,4.979335303738684,5.052054641761633,3347570
2023-05-26,5.220456123352051,5.220456123352051,4.979335154945217,5.009953048764388,5632510
2023-05-29,5.584968090057373,5.654877279507976,5.223770378082053,5.3402861601274685,8582417
2023-05-30,6.0160746574401855,6.0160746574401855,5.546130084257159,5.592736211582103,8466715
2023-05-31,6.322898864746094,6.322898864746094,5.880140644853518,6.089868688991801,12177239
2023-06-01,6.3811564445495605,6.812263344283006,6.350085849236075,6.719050625753735,20978868
2023-06-02,6.249106407165527,6.544278710847997,6.206383112245645,6.466601052571925,10142681
2023-06-05,6.299595355987549,6.447181263438665,6.280176525765874,6.311246654120554,9399467
2023-06-06,6.1170549392700195,6.342317578191228,6.105403174237421,6.342317578191228,9853653
2023-06-07,6.350085735321045,6.419993990654282,6.159776535549099,6.175312066074351,17656444
2023-06-08,6.284060478210449,6.3889235634011765,6.175312227976949,6.35008590180581,10737022
2023-06-09,6.641374111175537,6.7190508350257785,6.183079901687518,6.291828154407817,25280080
2023-06-12,6.913242816925049,6.952081409035752,6.734586319063467,6.757889381071012,24923728
2023-06-13,6.614186763763428,6.921010823135128,6.497671912035182,6.913243290698423,13280202
2023-06-14,6.369504928588867,6.641374163654614,6.35008609719368,6.614186867112498,10263746
2023-06-15,6.524857997894287,6.738469327463074,6.447181277949564,6.64137377725297,17904864
2023-06-16,6.505439281463623,6.629722128808809,6.392807732481544,6.524858112068802,7597899
2023-06-19,6.144242286682129,6.552045672915123,6.144242286682129,6.505439544985957,8136556
2023-06-20,6.175312042236328,6.493787852155424,6.159776511771046,6.330665948005956,16340857
2023-06-21,6.01995849609375,6.295711009479277,6.01219143044033,6.179196165084575,10932029
2023-06-22,6.334550380706787,6.388923573319119,5.9422820709796325,6.031610557965295,10170085
2023-06-23,6.439414024353027,6.575348630012996,6.34620131032545,6.427762260239186,7724083
2023-06-26,6.571464538574219,6.594767601006791,6.439414162319238,6.4743685228209,9272097
2023-06-27,6.563697814941406,6.629722778053616,6.474369320232064,6.563697814941406,4122639
2023-07-03,6.839449882507324,6.8588696462308985,6.579231949768844,6.579231949768844,14957394
2023-07-04,6.699631690979004,6.921010553448529,6.699631690979004,6.839449600863587,12019514
2023-07-05,6.874404430389404,6.874404430389404,6.625838722211637,6.738469811010771,16101486
2023-07-06,7.107435703277588,7.157925129735815,6.975383923263079,7.002571219017035,26076740
2023-07-07,7.3443498611450195,7.456980941450199,7.002570989013008,7.126854300023631,34512988
2023-07-10,7.460865497589111,7.639522473486692,7.4103751380091385,7.460865497589111,23826108
2023-07-11,7.305510997772217,7.557961392601867,7.227834276028454,7.5191223322883705,20504419
2023-07-12,7.119087219238281,7.321047262712373,7.091899922653855,7.309395497562701,13746418
2023-07-13,7.0530619621276855,7.251137298368047,6.917127350120401,7.119086918776336,19106765
2023-07-14,7.208415508270264,7.274440465867186,6.952081811353227,7.053062063425911,21492168
2023-07-17,7.301628112792969,7.4453302660163905,7.282208348385609,7.379304838950225,20646196
2023-07-18,6.936546325683594,7.379304532342952,6.936546325683594,7.305511109321045,17930463
2023-07-19,7.165693283081055,7.3016278996082145,7.056945030306019,7.20841564442324,25865254
2023-07-20,7.1928791999816895,7.2977432136974105,7.068596356220828,7.262788853321767,19861450
2023-07-21,7.43367862701416,7.511355354492033,7.126855017237949,7.208415977439993,41033639
2023-07-24,7.806527614593506,7.977416600459638,7.59680049838633,7.651174160640454,55114792
2023-07-25,7.359884738922119,7.876436366510451,7.336582608096981,7.868669766726097,25593869
2023-07-26,7.495819568634033,7.56572876088499,7.321047287448285,7.3793047145102015,17375999
2023-07-27,7.495819568634033,7.65117395091762,7.4181428437866685,7.503588033819299,18903117
2023-07-28,7.705547332763672,7.775456988778538,7.5074710620751794,7.542425423788201,40919696
2023-07-31,7.84536600112915,7.992951909548649,7.643405036260191,7.767688348260781,58265598
2023-08-01,7.674476623535156,7.884203723295662,7.589031437860986,7.845366062294687,34762518
2023-08-02,7.690011978149414,7.853133890864819,7.670592680621655,7.67836021311499,27166520
2023-08-03,7.464748859405518,7.759921155446179,7.445330028207282,7.724966326700512,26556082
2023-08-04,7.5307745933532715,7.623986852107023,7.406491270818643,7.511355295063834,18628909
2023-08-07,7.899740219116211,7.899740219116211,7.468633295189322,7.534658721943389,36432383
2023-08-08,7.623986721038818,7.915275257783807,7.5968003567131985,7.907507725119345,37293839
2023-08-09,7.658941268920898,7.899739901901407,7.639522437973969,7.728850459213095,40855615
2023-08-10,7.091899871826172,7.721083528038429,6.998687616474556,7.7171992954867585,35339580
2023-08-11,7.262789249420166,7.332698440278561,6.952081889925442,7.095784037863072,27487235
2023-08-14,7.410375118255615,7.561845730297348,7.2822080359852395,7.348234392807805,31732501
2023-08-15,7.266673564910889,7.425911245844577,7.196763906959802,7.410375248194975,16664125
2023-08-16,7.884203910827637,7.99295216198346,7.274440494954096,7.301627790890259,79781663
2023-08-17,8.11723518371582,8.466780656491887,7.592915575668523,7.84536596456288,75537547
2023-08-18,8.365801811218262,8.77748851953322,8.024023832255105,8.117236093116775,87424135
2023-08-21,9.196943283081055,9.196943283081055,8.42794177696583,8.42794177696583,53223433
2023-08-22,9.670772552490234,10.020318964095738,9.321226140884729,9.725147143362639,79177227
2023-08-23,9.243550300598145,9.942642222585963,8.971681064393628,9.7406817122858,56922282
2023-08-24,8.622135162353516,9.585328846631631,8.466781703310819,9.25131839676593,45746030
2023-08-25,8.707578659057617,8.870700560670281,8.33472966404442,8.637669938787035,37636530
2023-08-28,8.606598854064941,9.20471093730978,8.583295325647953,8.754184758743273,41912179
2023-08-29,8.591064453125,8.777488031902736,8.435710071926943,8.606599518209265,30815526
2023-08-31,8.90177059173584,9.16587227119475,8.60659878475619,8.62213384851656,37872583
2023-09-01,9.523185729980469,9.577560320969612,8.839629834963766,8.932843019835662,42272215
2023-09-04,9.36783218383789,10.097996062129942,9.282388397343704,9.82612684053453,47048589
2023-09-05,9.150337219238281,9.437742456589183,9.095963557876392,9.422206458636595,23122920
2023-09-06,9.655238151550293,9.771753008366924,9.204711924657863,9.243550521126366,62116459
2023-09-07,10.22227954864502,10.602896127044978,9.694076112622385,9.725148109856422,84799984
2023-09-08,9.911571502685547,10.432006462746743,9.826127708642664,10.3232600701255,47772025
2023-09-11,10.004782676696777,10.5252185128816,9.756216989218213,9.965944084024454,57812784
2023-09-12,10.097996711730957,10.307723824254706,9.802823942038716,10.059157183188727,32933234
2023-09-13,9.88826847076416,10.86699715253027,9.709611492470616,10.1057640442418,80360033
2023-09-14,9.546489715576172,9.98148086874482,9.14257055810525,9.88826861200709,45499407
2023-09-15,10.004782676696777,10.237813300141926,9.748449457201508,9.997016077268858,43936065
2023-09-18,9.655238151550293,10.455309881481496,9.63193462063364,9.973713523485365,49148934
2023-09-19,9.903803825378418,9.903803825378418,9.484348663785685,9.709611776368817,30198652
2023-09-20,9.523185729980469,10.074692644008975,9.49211560094532,9.919338268477963,28463482
2023-09-21,10.051389694213867,10.129065946662458,9.36006535862983,9.4455091430644,34905753
2023-09-22,11.053421020507812,11.053421020507812,10.46307645973772,10.46307645973772,66497114
2023-09-25,12.156434059143066,12.156434059143066,11.270917603939964,11.340826331477349,74010374
2023-09-26,12.48267650604248,13.205071016191928,11.970009103404896,12.816687863706157,110300318
2023-09-27,13.515779495239258,13.523547027564955,12.67686828487626,12.739009476070663,68307558
2023-09-28,12.855525016784668,14.067284284097894,12.653565449762066,13.7177388078981,64287371
2023-09-29,12.505979537963867,12.972040794525125,12.156433129248521,12.67686804364379,36043810
2023-10-02,12.241878509521484,12.723475789036609,11.884564549331046,12.505980213365621,39110147
2023-10-03,12.972041130065918,13.461405928407776,12.653565774413096,12.715706966032366,80666492
2023-10-04,12.459372520446777,13.01087849794519,12.133130572376269,12.972040836928803,31931395
2023-10-05,12.44383716583252,12.700171318095462,11.92340132928451,12.459372229876776,34902044
2023-10-06,12.234110832214355,12.428302875207361,12.047685389138007,12.350626617563467,17098750
2023-10-09,12.0399169921875,12.171967833066601,11.457340905036428,11.651532934086786,22506165
2023-10-10,12.58365535736084,12.692403601858643,12.047684464547535,12.07875645736265,23721167
2023-10-11,11.915635108947754,12.638029598820468,11.84572545334685,12.575888408077635,23275902
2023-10-12,11.970008850097656,12.505979771443794,11.457341458309049,12.0399175735926,35917709
2023-10-13,11.581624984741211,12.016615196066775,11.426270605090847,12.001080131137275,16107730
2023-10-16,11.0767240524292,11.907867735513026,11.0767240524292,11.667068636421375,23883384
2023-10-17,11.434039115905762,11.472876778384947,10.812623459994965,11.07672422779765,20151443
2023-10-18,11.030117988586426,11.573856448857416,10.874764542475644,10.882532074892858,17722295
2023-10-19,11.301987648010254,11.449573567309642,10.905836018974467,11.100028067136234,18945802
2023-10-20,10.486379623413086,11.138866341208772,10.455309493462465,10.999047958664448,18419652
2023-10-23,11.348592758178711,11.348592758178711,10.540753574608557,10.820390322681547,22159428
2023-10-24,11.690372467041016,11.876796979143585,11.14663399587891,11.348593573127072,25244607
2023-10-25,10.532986640930176,11.736978418958726,10.525219108473927,11.698139824088639,23540701
2023-10-26,11.348592758178711,11.348592758178711,10.284419422580587,10.53298604259355,26214348
2023-10-27,11.239846229553223,11.348593550533602,10.898068268908567,11.340826017976267,13139858
2023-10-30,11.40296745300293,11.643766562923325,11.06895795041654,11.239846468070818,17245525
2023-10-31,10.835926055908203,11.62823115696769,10.804854993340523,11.496180306791109,15899076
2023-11-01,10.874765396118164,11.162170646237534,10.38540055694256,10.913603993841804,19511181
2023-11-02,10.486379623413086,11.107795278669307,10.408703365947693,10.952441831149674,25757410
2023-11-03,10.331025123596191,10.633965387879767,10.237812878061053,10.48637855529184,21789064
2023-11-06,10.494147300720215,10.641734137262063,10.362096460576272,10.486378836226875,22257536
2023-11-07,10.719411849975586,10.73494691590218,10.369866338504892,10.517452262574247,19632508
2023-11-08,10.595128059387207,10.983512151202861,10.540754398443678,10.789321037883894,16432743
2023-11-09,10.540753364562988,10.75824798700433,10.39316746145243,10.486378776363884,22056121
2023-11-10,11.309755325317383,11.480644763435874,10.509682725099939,10.602894976330242,50923423
2023-11-13,11.3951997756958,12.086524168030014,11.232078792833406,11.340826114741668,38902203
2023-11-14,11.14663314819336,11.962240792910722,10.999047242767334,11.643765453523622,30485671
2023-11-15,11.72921085357666,12.070988808814102,11.612695069293473,11.962241489554197,46523446
2023-11-16,11.682604789733887,11.946705556881374,11.496180279940909,11.729210917182131,28359624
2023-11-17,11.57385540008545,11.799118482716475,11.55832033665874,11.713673768692077,16542045
2023-11-20,12.389463424682617,12.544817794421935,11.59715930981396,11.65153296618721,40887826
2023-11-21,12.777849197387695,13.01864831625751,12.164201965874701,12.428303683777067,33776109
2023-11-22,13.189537048339844,13.476940416898552,12.808919558415626,13.197304580924017,39455738
2023-11-23,12.630261421203613,13.166232311462204,12.630261421203613,13.166232311462204,24775858
2023-11-24,12.6224946975708,13.018647241726782,12.490443849518808,12.630262229940536,22795367
2023-11-27,12.304019927978516,12.964274199667518,12.272949797020592,12.770082150824996,19720592
2023-11-28,12.08652400970459,12.443837966420967,11.993311754264566,12.32732311341536,16330191
2023-11-29,11.884564399719238,12.218574825323898,11.76804861445872,12.102059972652228,15492289
2023-11-30,11.837958335876465,12.00108024960178,11.659301357068303,11.923402126420983,13192889
2023-12-01,11.6282320022583,12.008848582877926,11.61269600355068,11.907868787928505,12474430
2023-12-04,11.18547248840332,11.72921095456196,11.115563763302584,11.674836361875018,27205443
2023-12-05,11.0145845413208,11.325291452864747,11.0145845413208,11.169937997092774,19910017
2023-12-06,10.773784637451172,11.589392318892681,10.773784637451172,11.340825688741015,34924987
2023-12-07,11.18547248840332,11.18547248840332,10.556289299552455,10.851462062724586,22736940
2023-12-08,11.434039115905762,11.550553035932163,11.06895762789066,11.177704015421222,17228144
2023-12-11,10.843694686889648,11.457341887014811,10.843694686889648,11.434039289174178,17380997
2023-12-12,11.667068481445312,11.674836013714994,11.006815182278844,11.193239687106498,23040584
2023-12-13,11.566089630126953,12.06322199398143,11.146634460415365,11.667069422959372,30837491
2023-12-14,11.82242202758789,11.962241340015384,11.488412541549152,11.674836115411882,18803595
2023-12-15,11.907868385314941,12.16420163055136,11.705908802244496,11.8301911921699,20421975
2023-12-18,11.309755325317383,11.892331429212376,11.278684264044346,11.799119177982073,14512834
2023-12-19,11.40296745300293,11.55055337249071,11.169937740982448,11.309756127748061,15309877
2023-12-20,10.90583610534668,11.42627105966685,10.90583610534668,11.379664930435359,9253077
2023-12-21,11.084492683410645,11.16216987348033,10.79708838577719,10.913603238292874,10792737
2023-12-22,10.486379623413086,11.162169871260582,10.486379623413086,11.076724216129843,10968882
2023-12-25,9.709611892700195,10.486380098045101,9.538722439881651,10.486380098045101,12923837
2023-12-26,9.989248275756836,10.29995610517164,9.577560658244156,9.77952116702876,13742057
2023-12-27,10.29218864440918,10.509683287186219,9.927107152133477,9.989248345414223,13652332
2023-12-28,10.64950180053711,10.719411459840213,10.369865961091305,10.509683414519774,9595405
2023-12-29,11.57385540008545,11.713673768692077,10.525218101830115,10.665036470436743,11843958
2024-01-02,11.690372467041016,11.96224170262207,11.60492774356253,11.667068936733768,13759111
2024-01-03,10.975744247436523,11.620462489513375,10.975744247436523,11.550552833100788,15284200
2024-01-04,11.3951997756958,11.488412964945704,10.882532364060063,10.991280618557187,12940369
2024-01-05,12.27294921875,12.529282450019466,12.063221181721499,12.529282450019466,89572511
2024-01-08,13.16623306274414,13.243910251077715,12.327322786061318,12.389463977174882,49002721
2024-01-09,12.451606750488281,13.166233749637856,12.327323429188363,13.158465284328152,28595389
2024-01-10,12.505979537963867,12.754545230600268,12.187504190548875,12.428302351007389,24714254
2024-01-11,12.58365535736084,13.205070033766225,12.537049233315717,12.58365535736084,23119864
2024-01-12,12.653565406799316,12.75454518996776,12.187504151722806,12.420534779261061,19394801
2024-01-15,12.428302764892578,12.902131569411086,12.373929105247825,12.676868465806672,16540036
2024-01-16,12.70017147064209,12.70017147064209,12.280716343109866,12.428302251069367,20606464
2024-01-17,12.459372520446777,12.94873730773016,12.412766394638304,12.66133302067604,17492308
2024-01-18,12.296252250671387,12.622494192683913,12.296252250671387,12.505979346620697,13442797
2024-01-19,12.36616039276123,12.583655959576749,12.187504352528965,12.350626260787807,17322158
2024-01-22,13.43033504486084,13.60122450168825,12.311787907639042,12.373930036988414,63615554
2024-01-23,14.37022590637207,14.564417959311783,13.228375254855003,13.43810330619034,62878020
2024-01-24,14.269245147705078,15.084851901369213,14.176031961406698,14.370224933792285,52074688
2024-01-25,14.781912803649902,14.976104846869436,14.113891018564532,14.269245399211238,38042592
2024-01-26,14.634326934814453,14.945034764510693,14.502276083878831,14.78191285082879,26283646
2024-01-29,14.797449111938477,15.418863849805282,14.657629793385412,14.657629793385412,32632946
2024-01-30,15.380024909973145,16.242237804514545,15.279045122243668,15.535378357819354,83685195
2024-01-31,15.48877239227295,15.923761651567315,15.139225053683065,15.426630270154783,41553346
2024-02-01,15.418863296508789,15.892692098730697,15.3800247019254,15.488772953276655,24911476
2024-02-02,16.17232894897461,16.607320091578337,15.154761682203914,15.558680829864581,71678075
2024-02-05,16.459733963012695,16.964633823600266,16.195632267914256,16.195632267914256,34223466
2024-02-06,16.265541076660156,16.78597600465078,16.11018856386653,16.537411238109915,34405602
2024-02-07,15.589753150939941,16.3432187349341,15.589753150939941,16.29661167413335,34790438
2024-02-08,15.706268310546875,15.954833089057932,15.496541195810122,15.535378859584428,27749125
2024-02-09,15.698498725891113,15.830549571075077,15.41886290370993,15.752872383887143,22125458
2024-02-12,15.768409729003906,16.242237599052665,15.675197474957534,15.83054998824971,32751541
2024-02-13,16.0402774810791,16.987935054151656,15.923761701186073,16.0402774810791,82167418
2024-02-14,15.985904693603516,16.094652014685035,15.504307416123536,16.05581341927339,36372536
2024-02-15,16.11795425415039,16.428662992560216,15.985903413361726,16.055812133432912,28897792
2024-02-16,17.08891487121582,17.337481482215644,16.17232747490507,16.389822093793974,76265423
2024-02-19,17.570514678955078,18.642456654693436,17.20543408634425,17.20543408634425,68897541
2024-02-20,18.176393508911133,18.572544194945102,17.772472492602542,17.826846152747944,38654080
2024-02-21,18.634687423706055,18.634687423706055,17.702564815760685,18.292910377577954,41161792
2024-02-22,20.487281799316406,20.487281799316406,18.316211203764357,18.80557601678392,62445714
2024-02-23,20.895082473754883,21.92430237287392,20.4872800520006,21.244627939595,76218210
2024-02-26,22.972942352294922,22.972942352294922,21.011599820916572,21.011599820916572,46611298
2024-02-27,25.2644100189209,25.2644100189209,23.128294752258167,23.905062922765875,80647138
2024-02-28,24.079835891723633,26.85678498954999,23.536097463359358,25.303246889248857,145421279
2024-02-29,22.895263671875,25.982921785393184,22.875845306526784,24.07983804827028,98609064
2024-03-01,21.32230567932129,22.70107108017204,21.050437391074574,21.943721307684985,104953733
2024-03-04,21.380565643310547,22.662233696627283,21.24462962675277,21.322306817592153,67437112
2024-03-05,20.700891494750977,22.332106933533964,20.293089033938532,22.11849558781952,47059041
2024-03-06,20.50670051574707,21.594177482152844,20.215411975989177,20.700891632133832,43669309
2024-03-07,21.225210189819336,21.574755665767817,20.52611923792238,20.62321478897971,38652738
2024-03-08,21.166954040527344,21.613595084589125,20.448442831874413,21.51649952982399,28871994
2024-03-11,20.46786117553711,21.749531076925564,20.46786117553711,21.574756467280746,31004903
2024-03-12,20.95334243774414,21.244629098380724,20.234829372938712,20.467860939661172,24918262
2024-03-13,20.778568267822266,21.39998392699487,20.506699966096708,21.14753399031641,31785584
2024-03-14,20.895082473754883,21.904882144117494,20.467859823244172,20.972759658425478,48444629
2024-03-15,21.36114501953125,21.924303710154337,20.797988194085836,21.749530966573957,44914155
2024-03-18,20.23482894897461,21.574755766610206,20.15715362687225,21.55533740237902,21141271
2024-03-19,20.7591495513916,20.7591495513916,19.458061294750507,20.176572497351987,26974864
2024-03-20,21.12811279296875,21.302887396280955,20.331926289283988,20.759148952541338,27342796
2024-03-21,19.41922378540039,20.64263492118417,19.1706571390118,20.17657362494167,52077108
2024-03-22,19.36484718322754,19.982379472739552,18.61138262337001,19.419220837436743,69484935
2024-03-25,18.448261260986328,19.59399512028061,18.448261260986328,19.41922237998561,23312584
2024-03-26,17.865686416625977,18.758970364421742,17.764705697364665,18.471565136660832,25779391
2024-03-27,17.648189544677734,18.075412212302012,17.617119415635923,17.865686043503327,18026239
2024-03-28,17.687026977539062,18.238533855483286,17.57051120351426,17.86568487074593,18140806
2024-03-29,18.129785537719727,18.300674974666194,17.640422621000074,17.725866406884506,18177833
2024-04-01,17.49283790588379,18.6036165240167,17.252037865689992,18.409423544885485,17893921
2024-04-02,17.127756118774414,17.795777007687114,16.90249300062788,17.492838560160568,14273785
2024-04-03,16.82481575012207,17.321949047567813,16.82481575012207,17.12775606181904,12479486
2024-04-04,17.050077438354492,17.446229976969168,16.824814339838948,16.824814339838948,15748512
2024-04-05,18.16862678527832,18.31621271484449,17.166595411325538,17.25203920969305,23952594
2024-04-08,19.982379913330078,19.982379913330078,18.254067243602584,18.254067243602584,35168888
2024-04-09,19.982379913330078,19.982379913330078,19.982379913330078,19.982379913330078,0
2024-04-15,22.33210563659668,22.33210563659668,19.65225385549034,20.195992303507055,46102022
2024-04-16,24.565317153930664,24.565317153930664,23.011778948963876,24.565317153930664,74846710
2024-04-17,22.875844955444336,24.934283044472416,22.390365312234735,24.5264787266413,71759248
2024-04-18,23.186553955078125,24.448801786418425,22.332106715389042,22.914683785347776,55901932
2024-04-19,23.244810104370117,24.21577123200598,22.914682985241946,23.147714551159826,32458261
2024-04-22,22.72049331665039,23.807968430886614,22.409784542430522,23.47784129086689,26839488
2024-04-24,22.099077224731445,22.817588454061497,21.846627282935,22.72049289650217,25276135
2024-04-25,22.33210563659668,22.39036445988489,21.749530459958,22.118494303287715,21139783
2024-04-26,23.128293991088867,24.39054362550559,23.031198439265314,23.613775480561895,42904581
2024-04-29,23.167133331298828,23.78854898638237,22.73991065129692,23.186553561395836,22264019
2024-04-30,22.545717239379883,23.303067029757663,22.390364727502302,23.16713288242316,13433395
2024-05-02,23.01177978515625,23.67203405918304,22.87584563026184,23.031200015957026,24768715
2024-05-03,23.846805572509766,24.7206711489124,22.759328659454624,23.011778590514652,57875922
2024-05-06,23.6137752532959,24.25460924648351,23.205970955277593,24.157513695594435,24777270
2024-05-07,24.642995834350586,25.361507087770402,23.186554961419134,24.079838970376503,66987579
2024-05-08,23.866226196289062,24.66241273184255,23.730292046207566,24.64299436690706,24619827
2024-05-09,23.38074493408203,24.11867451733065,23.186553821995524,23.905063174928863,17660664
2024-05-10,23.01177978515625,23.71087265560684,23.01177978515625,23.40016574939422,15739518
2024-05-13,21.904882431030273,23.10887507883941,21.904882431030273,23.050616256984604,16939715
2024-05-14,22.351526260375977,22.351526260375977,21.67185178948211,21.904883356390464,13026024
2024-05-15,22.04081916809082,22.56513930062032,22.001980570674643,22.118496362923178,11823981
2024-05-16,22.11849594116211,22.351527521215672,21.671853011981668,22.079657344486517,12432463
2024-05-17,22.48746109008789,22.778749624963577,22.176754189970094,22.40978389876401,16796019
2024-05-20,21.96314239501953,22.58455618248348,21.96314239501953,22.487460627913055,12822308
2024-05-21,21.36114501953125,22.17675364314326,21.244629235418437,21.963142304858607,15959303
2024-05-22,21.264049530029297,21.924303776832243,21.244629300029263,21.399983679318822,11248909
2024-05-23,20.817407608032227,21.61359604183062,20.817407608032227,21.30288913371471,10833538
2024-05-24,20.700891494750977,21.050438859247304,20.584377571763273,20.836827513532864,9842662
2024-05-27,20.370763778686523,20.7203092360104,20.195991050024585,20.70088900772712,12388018
2024-05-28,20.972761154174805,21.03101811424378,20.390184092774287,20.390184092774287,13919885
2024-05-29,19.96295928955078,20.992179152657,19.94354092665137,20.97275892458009,10964033
2024-05-30,19.652254104614258,20.079476776647915,19.632835740057114,19.9823812235069,8126802
2024-05-31,20.817407608032227,20.836827838951965,19.729932497037666,19.729932497037666,19361601
2024-06-03,20.487281799316406,21.36114553844664,20.273670455842606,20.895084255851277,13714832
2024-06-04,21.225210189819336,21.516498708168942,21.031017222527062,21.361144334335123,21325182
2024-06-05,20.60379409790039,21.302886899307264,20.545537141607138,21.26404830671924,8648803
2024-06-06,20.64263343811035,21.08927633646008,20.64263343811035,20.739730855685814,7540127
2024-06-07,19.94354248046875,20.856246641755522,19.94354248046875,20.83682641216557,7006491
2024-06-10,19.147356033325195,19.924124261397957,19.108517435403773,19.924124261397957,8319245
2024-06-11,19.593994140625,20.07947560844048,19.069675945954724,19.155119729319345,11697759
2024-06-12,19.671672821044922,19.98238158093817,19.349314161315597,19.59399563107161,9296847
2024-06-13,20.331926345825195,20.66205345885419,19.788187900573494,19.788187900573494,8535706
2024-06-14,21.186370849609375,21.361143581423438,20.429021101630074,20.50669828580911,9908234
2024-06-20,21.34172821044922,21.516500966769463,20.681473917525796,21.32230797909263,11113331
2024-06-21,22.33210563659668,22.33210563659668,21.069857866231516,21.341726157651056,14530144
2024-06-24,21.943721771240234,22.526298818564385,21.67185161207273,22.332105847730453,16593575
2024-06-25,22.04081916809082,22.526300703204143,21.652435059106846,21.96314383843627,14170571
2024-06-26,21.264049530029297,22.19617207541129,20.856247082160724,22.04081769612173,8475351
2024-06-27,21.4776611328125,21.691272474370976,21.069858679934153,21.244629561015415,7146105
2024-06-28,21.74953269958496,22.021401018999754,20.972762608783885,21.477662514992346,9522776
2024-07-01,20.17420768737793,22.047247883889387,20.154697710903815,21.852140623239467,8840275
2024-07-02,20.408340454101562,20.759535053517247,19.979100319954522,20.29127496297055,6282634
2024-07-03,20.408340454101562,20.74002320134007,19.901056659200513,20.42785043230139,6994831
2024-07-04,20.38882827758789,20.720512893527456,20.330294595964837,20.466871937100414,6986570
2024-07-05,19.9595890045166,20.642468179397095,19.94007902762389,20.466870891453794,7326534
2024-07-08,19.608396530151367,20.193720261368448,19.588884677190258,19.9595911436771,10338229
2024-07-09,19.608396530151367,20.5839385808164,19.608396530151367,20.135188450439966,17629634
2024-07-10,18.91771125793457,19.783991013180845,18.863081070629935,19.666927396943674,13949162
2024-07-11,18.980144500732422,19.292319138243002,18.91771107241216,19.04257980303,10872570
2024-07-12,19.268905639648438,19.378166013038868,18.621146640846714,18.980144475136033,13949301
2024-07-16,19.042579650878906,19.471817900049004,18.972341107591163,19.276710627141124,9133736
2024-07-17,19.019168853759766,19.229884492500975,18.831862940471943,19.08160228421166,9623942
2024-07-18,19.011362075805664,19.417186834171332,18.948926776835094,19.097208972160132,11132202
2024-07-19,18.76943016052246,19.183060084499864,18.730408328148936,19.011364396851846,8643462
2024-07-22,18.285558700561523,18.863081034936,18.26214710174479,18.81625408934787,11200665
2024-07-23,18.613340377807617,18.808449513960042,18.254340691673477,18.285557403866985,12704062
2024-07-24,18.6757755279541,18.81625260568721,18.42603621045646,18.55871004719172,11583175
2024-07-25,19.920568466186523,20.525404024691944,18.71479709603398,18.777232399291016,55283074
2024-07-26,19.042579650878906,20.252252613612427,19.042579650878906,20.21323078423539,25214012
2024-07-29,18.48847198486328,19.01916734548293,18.480666869687074,19.01916734548293,10934436
2024-07-30,18.30116844177246,18.68357974194314,18.285558211009455,18.582124485847306,8831928
2024-07-31,17.56756019592285,18.332384649121988,17.56756019592285,18.277754464891853,15638377
2024-08-01,18.49627685546875,18.855276579632545,17.66121378702609,17.66901702891248,20852850
2024-08-02,18.02801513671875,18.340187885665785,17.786080928338784,18.340187885665785,10589544
2024-08-05,16.85736656188965,17.40367029874487,16.389106483724785,16.389106483724785,12303970
2024-08-06,16.896385192871094,17.45829911660183,16.74029976170209,17.270993226040147,9774534
2024-08-07,17.20856285095215,17.325628350545102,16.732497610327297,16.951018377052154,10441891
2024-08-08,17.20856285095215,17.317823234314577,17.06028063439207,17.130519184556846,7891837
2024-08-09,16.615432739257812,17.364648882129245,16.576409035007803,17.286605221583915,8632885
2024-08-12,16.193998336791992,16.787127181093933,16.193998336791992,16.76371558122327,7292039
2024-08-13,16.826147079467773,17.63779846312799,16.04571428201035,16.178388119934922,19065196
2024-08-14,16.584213256835938,16.982234779779084,16.560801659116,16.89638600821516,7232507
2024-08-15,16.974430084228516,17.715842963803503,16.826147883108977,17.458300390698753,19562643
2024-08-16,16.615432739257812,17.06027935559339,16.576409035007803,16.997844052361657,8092886
2024-08-19,16.896385192871094,16.974428845444173,16.513973918831024,16.631039397690643,8602039
2024-08-20,16.69347381591797,16.997843329510186,16.599821802041692,16.896386200320357,6413036
2024-08-21,16.826147079467773,16.911995849053955,16.584212874776426,16.693473241543202,7142633
2024-08-22,16.66225814819336,17.15393172039119,16.66225814819336,16.95101744927844,10439076
2024-08-23,16.49836540222168,16.740299598452616,16.233017735651714,16.66225594664061,8000970
2024-08-26,16.638843536376953,17.169538903327954,16.49836645334713,16.5217780512006,12449353
2024-08-27,16.631040573120117,16.67786564358712,16.428126312497913,16.631040573120117,5894824
2024-08-28,16.8105411529541,17.036867034243148,16.592020387838115,16.68567241202746,7053295
2024-08-29,17.51293182373047,17.754866057204296,16.68567198553984,16.802735607301262,19633508
2024-09-02,17.51293182373047,17.7392576992346,17.38025797002193,17.536343423696298,8829090
2024-09-03,17.1539306640625,17.87973330395976,17.146125548739803,17.544147076674662,9713615
2024-09-04,16.755910873413086,16.997845111796384,16.59202030043939,16.826149422690744,6884209
2024-09-05,17.09929847717285,17.42708146066679,16.763714126368964,16.787125724207833,10943591
2024-09-06,16.84175682067871,17.12271287574701,16.80273499019889,17.099299402663643,5624501
2024-09-09,16.381301879882812,16.771518311544487,16.357888406748998,16.70908488182413,5746090
2024-09-10,15.866216659545898,16.568605859295232,15.834998070817084,16.381301822831762,9456408
2024-09-11,15.45258617401123,15.95206392837862,15.374542511363254,15.842803550262412,9230585
2024-09-12,15.42917251586914,15.710129510643517,15.023347723726715,15.608672375619223,9113528
2024-09-13,15.95206356048584,15.99888863260829,15.39015145115233,15.452585817637605,6588839
2024-09-16,16.42812728881836,16.584214614272515,15.866217039933673,15.998889017796829,9655833
2024-09-17,15.499411582946777,15.678910500892057,15.124803515950264,15.124803515950264,23468794
2024-09-18,15.156020164489746,15.639889540254586,15.070173263665835,15.499411515740018,8616544
2024-09-19,15.327715873718262,15.374541881992442,15.171629491800545,15.335520052265847,7108516
2024-09-20,15.234063148498535,15.47599735716252,15.179432964218101,15.335519338874855,7537060
2024-09-23,15.085782051086426,15.452585948392128,15.038956041579073,15.2496735528565,9493868
2024-09-24,15.358933448791504,15.600868619259352,15.10139085734233,15.10139085734233,15467914
2024-09-25,15.156020164489746,15.382346026816881,15.116999271837358,15.374541848286404,5653685
2024-09-26,15.24186897277832,15.273085686968814,14.8672609065831,15.17943367042001,6828691
2024-09-27,15.405759811401367,16.139367599942133,15.31991197185017,15.624281499623626,24039306
2024-09-30,15.538433074951172,15.78817240551195,15.327715573352304,15.405759231276127,13986585
2024-10-01,14.625326156616211,15.429172498195245,13.985370380063417,15.413564140665704,9980111
2024-10-02,13.930739402770996,14.516064020843881,13.899522689479832,14.430217122304553,10042075
2024-10-03,14.180479049682617,14.50045694817055,13.922936457282736,13.930740636296564,8173724
2024-10-04,14.32095718383789,14.367783192175898,13.969761652808508,14.367783192175898,5112984
2024-10-07,14.594109535217285,14.867261415669372,14.297544181331942,14.328761833580055,7261145
2024-10-08,14.32095718383789,14.672151777878613,14.196087515940318,14.672151777878613,4021165
2024-10-09,14.125847816467285,14.375587148399937,13.969761436750861,14.320956962348621,4834762
2024-10-10,13.961956977844238,14.352173387790915,13.907326792890338,14.28193484627551,4123626
2024-10-11,14.102435111999512,14.438021339708303,13.766847947302086,14.242912196167254,6871610
2024-10-14,13.501501083374023,14.008782978271713,13.501501083374023,13.977565328173991,5027339
2024-10-15,13.813674926757812,14.032196620713284,13.454676138745818,13.501502149094225,7223221
2024-10-16,14.367783546447754,14.367783546447754,13.720022655313135,13.813674674298362,4971156
2024-10-17,14.274131774902344,14.469239995005625,14.149262101761218,14.297544311560161,5336928
2024-10-18,13.969761848449707,14.367783393391237,13.969761848449707,14.274131375403663,3617862
2024-10-21,13.735631942749023,14.008783820813768,13.735631942749023,13.954153632598556,3243887
2024-10-22,14.11023998260498,14.203892001303887,13.673197541006314,13.735631907809356,5645590
2024-10-23,13.969761848449707,14.28193555407118,13.774653633807038,14.118044054098588,6105862
2024-10-24,14.359977722167969,14.406803729350125,13.985369664710722,13.985369664710722,5365707
2024-10-25,14.39900016784668,14.414608525246525,14.086826460929045,14.344369979958547,5141798
2024-10-28,14.477044105529785,14.516064999775221,14.359978611827389,14.39900044306152,2227188
2024-10-30,14.664346694946289,14.820434951401232,14.484847776741928,14.484847776741928,5684239
2024-10-31,14.711173057556152,14.812629248996588,14.539477387740874,14.664346113980507,6321021
2024-11-01,14.555086135864258,14.726781810298842,14.438021584741515,14.695565096393391,4752255
2024-11-04,13.97756576538086,14.562890398348392,13.829283562508632,14.55508621982701,4488670
2024-11-05,14.039999961853027,14.125847798534101,13.602957537008695,14.008783248142562,5222235
2024-11-06,14.656543731689453,14.781412465247358,13.969761949166251,14.040000494668988,7451658
2024-11-07,14.859456062316895,14.906282071446139,14.484847989282933,14.59410930191029,6579077
2024-11-08,15.109193801879883,15.429171673043879,14.859455409819791,14.875064703503234,10373018
2024-11-11,15.31210708618164,15.468193463711584,15.031151044434564,15.156019771663065,8139517
2024-11-12,14.750195503234863,14.789216396200047,14.516064523511771,14.718977851874051,9673483
2024-11-13,14.422412872314453,14.726781447322626,14.367782687337753,14.711173090754604,6383620
2024-11-14,14.726781845092773,14.726781845092773,14.46923926982107,14.46923926982107,6074031
2024-11-15,14.640935897827148,14.82043576284813,14.55508711782938,14.703370266838862,6595365
2024-11-18,14.750195503234863,14.836042404746932,14.484847809139625,14.656543486141093,7514538
2024-11-19,14.594109535217285,14.867261415669372,14.359978548839477,14.789216816554744,6174631
2024-11-20,14.484847068786621,14.93749783694474,14.398999234673761,14.59410837447054,7632061
2024-11-21,15.234063148498535,15.273084976409876,14.531673057060214,14.555085591613851,9897664
2024-11-22,15.52282428741455,15.975475081964428,15.397955555050494,15.452585742583352,16008321
2024-11-25,15.63988971710205,15.913041590689364,15.452585682298027,15.561846993926153,7910383
2024-11-26,15.881823539733887,16.045715981217107,15.468194563033563,15.632085130539384,11855633
2024-11-27,16.11595344543457,16.716887359894148,15.827192287248266,15.98327960237354,23910196
2024-11-28,13.912253379821777,15.06178287778904,13.853303677714473,13.90242811714102,22891212
2024-11-29,14.000679969787598,14.118580320252429,13.617503128035375,13.9122544726918,10641518
2024-12-02,14.000679969787598,14.069454939978241,13.735403478500206,14.000679969787598,8592552
2024-12-03,14.148055076599121,14.531231915723653,13.823828880797091,14.000679873775903,9815108
2024-12-04,14.059630393981934,14.26595623832091,13.922079518759721,14.167705479306662,6527288
2024-12-05,14.148055076599121,14.28560595302583,14.049805253713204,14.098930633650507,6409879
2024-12-06,14.12840461730957,14.265955485270952,14.079279240395604,14.187354320015427,7153730
2024-12-09,14.93405818939209,15.081434327672039,14.275780541245549,14.275780541245549,23523660
2024-12-10,15.189508438110352,15.513734609736526,14.78668203924078,14.934057231074997,23667294
2024-12-11,14.678606986999512,15.258284403689586,14.619657281193998,15.189509434586927,9044379
2024-12-12,14.796507835388184,15.012657999606613,14.737557194335833,14.737557194335833,8394376
2024-12-13,15.051958084106445,15.13055831402434,14.639306408543177,14.786682542380715,6369200
2024-12-16,14.993008613586426,15.179683928300584,14.89475785616508,15.051958318448301,7570289
2024-12-17,14.983183860778809,15.051958831123049,14.737557895848008,14.993009124253327,5452405
2024-12-18,14.806331634521484,15.06178284167699,14.7768567835385,14.884931861801851,5971690
2024-12-19,14.462456703186035,14.76703236710397,14.265956123724678,14.747382777652172,6667250
2024-12-20,13.951554298400879,14.550882238660755,13.951554298400879,14.46245674341004,5270078
2024-12-23,13.98102855682373,14.14805427697736,13.558552562013341,13.85330388798967,7669371
2024-12-24,13.686278343200684,14.079279491545622,13.558552735741417,14.030154113755342,5082501
2024-12-25,13.411176681518555,13.892604262318127,13.312926862346808,13.843478884237927,6774138
2024-12-26,13.411176681518555,13.646978308905782,13.411176681518555,13.460302059598755,6452562
2024-12-27,13.51925277709961,13.853304225546545,13.342401789806841,13.440652546522525,9296235
2024-12-30,13.597853660583496,13.784528982920202,13.44065319188128,13.519253426232389,7478607
2024-12-31,13.735403060913086,14.010504807289342,13.3424019046451,13.597853124713623,9410325
2025-01-02,13.607678413391113,13.872953960122409,13.54872777134601,13.73540308667628,6104672
2025-01-03,13.872954368591309,13.971205129229775,13.6568032573799,13.696103374237547,7739962
2025-01-06,13.735403060913086,14.069454512235206,13.705928208440154,13.931904576035745,8305928
2025-01-07,13.794353485107422,13.853304126111434,13.68627840308683,13.74522810710219,5425697
2025-01-08,13.51925277709961,13.77470399496946,13.479952661811067,13.76487873190016,3625477
2025-01-09,13.715753555297852,13.725578818511678,13.49960244953701,13.538902565403648,6346707
2025-01-10,13.548727989196777,13.86312891985615,13.489777346203804,13.627328221861621,7790176
2025-01-13,13.10660171508789,13.529078677069926,13.10660171508789,13.49960288647441,4571093
2025-01-14,13.263802528381348,13.440653528596158,13.028001819420751,13.126251646326637,7701700
2025-01-15,13.175375938415527,13.234326579273683,12.969050100894961,13.185201201389996,4621245
2025-01-16,13.195026397705078,13.362052119472635,12.959224772452346,13.244150838351947,8277734
2025-01-17,13.175375938415527,13.263801431208435,13.067300856662335,13.195026464364462,8337891
2025-01-20,12.91992473602295,13.244150918597702,12.91992473602295,13.214676066633267,5615196
2025-01-21,12.851149559020996,12.929749787633648,12.723423953278276,12.880624410503582,19186958
2025-01-22,12.684123992919922,12.910100355665463,12.664474404022588,12.910100355665463,5163523
2025-01-23,12.644824028015137,12.870800393439167,12.556398534457415,12.684124143264274,6521929
2025-01-24,12.703774452209473,12.713598778112315,12.536748731008815,12.644823811849212,5872010
2025-01-27,12.320598602294922,12.674299661336146,11.957072279588706,12.65465007099488,9136463
2025-01-28,12.133922576904297,12.379548532412572,12.114272050709078,12.320597890815575,5057467
2025-01-29,11.84899616241455,12.22234677941124,11.799870785339628,12.173222339324951,5937865
2025-01-30,11.966897010803223,12.241997822261723,11.780220757429163,11.848996663035294,7806869
2025-01-31,11.819519996643066,11.966896123162911,11.770394621136452,11.966896123162911,5198229
2025-02-03,11.524768829345703,11.790045298312265,11.455993864941904,11.790045298312265,7750211
2025-02-04,11.495294570922852,11.691795148624616,11.475644981647006,11.52476942333095,5838044
2025-02-05,11.121943473815918,11.564070963525568,10.954917741478651,11.524769909339195,10357972
2025-02-06,11.239843368530273,11.338094126025085,11.121943021729697,11.13176828487691,7908492
2025-02-07,11.426519393920898,11.554245001337412,11.161242916135375,11.279143260599392,8610208
2025-02-10,11.1121187210083,11.4658197622197,11.09246819466889,11.426519646529544,8420467
2025-02-11,11.072818756103516,11.190719104779504,10.945093144124025,11.112118872328844,5745671
2025-02-12,10.846842765808105,11.112119262382222,10.83701750215972,11.04334335383224,6472831
2025-02-13,10.856667518615723,10.974567865882618,10.817367402860091,10.90579289755743,5846078
2025-02-14,10.797717094421387,10.92544270745228,10.719116861323712,10.866493001123368,8868925
2025-02-17,10.807541847229004,10.954917043077577,10.807541847229004,10.817367110149213,4379639
2025-02-18,10.679816246032715,10.827192378949977,10.630690868393629,10.807541853098884,7026668
2025-02-19,10.296639442443848,10.72894164202078,10.296639442443848,10.699466790182377,8593292
2025-02-20,10.502965927124023,10.512791190672406,10.267165223895066,10.29664007755151,5379591
2025-02-21,10.100138664245605,10.532440855078407,10.051013287516156,10.512790329591176,7243770
2025-02-24,10.070664405822754,10.247515397663824,10.070664405822754,10.119789785444016,4490212
2025-02-25,9.825037956237793,10.100138756655634,9.805387430570773,10.080489167977248,7924791
2025-02-26,9.834863662719727,9.913463894956177,9.746438167206552,9.825038399443,6772708
2025-02-27,10.021538734436035,10.109964227782164,9.825038158660554,9.834863421696493,5316112
2025-02-28,9.942938804626465,10.149264649673569,9.942938804626465,10.021539037312154,6441467
2025-03-03,9.913463592529297,10.11978943010283,9.864338214633,9.952763707448606,9286501
2025-03-04,9.746438026428223,9.97241345659684,9.746438026428223,9.913463751765315,6198595
2025-03-05,10.168915748596191,10.237690721819318,9.785738889948627,9.785738889948627,17169820
2025-03-06,10.58156681060791,10.58156681060791,10.168915122690747,10.168915122690747,14272288
2025-03-07,10.709290504455566,10.758415879372784,10.453840241465496,10.611040691609722,10774212
2025-03-10,10.620866775512695,10.74859144839291,10.512790754937438,10.709291332816997,10998867
2025-03-11,10.797717094421387,10.915617444067898,10.463665635261927,10.542265868359602,14719189
2025-03-12,10.709290504455566,10.91561632951701,10.709290504455566,10.827191779052328,9481503
2025-03-13,11.053168296813965,11.239843615774022,10.768242218197862,10.778067481561205,23286565
2025-03-14,11.485468864440918,11.52476897846425,11.082642461454604,11.151418363736907,20325371
2025-03-17,12.006196975708008,12.055322354240566,11.593545295216387,11.593545295216387,22582302
2025-03-18,13.15572738647461,13.204851831241953,11.790046645997313,12.035672617788924,54773293
2025-03-19,11.84899616241455,12.752898790445405,11.84899616241455,12.19287192796174,26524183
2025-03-20,11.809696197509766,12.418848444772312,11.485469079510226,11.790045671635824,29859757
2025-03-21,10.846842765808105,11.819521379269109,10.669991768092027,11.809697052609437,14772107
2025-03-24,11.190718650817871,11.43634460150931,10.522615765100792,10.837016682149468,19242133
2025-03-25,11.868645668029785,11.898120519273107,11.328268397962864,11.34791892345083,19096148
2025-03-26,11.957071304321289,12.291122745774652,11.318444210005369,11.750745469128837,19259020
2025-03-27,12.1830472946167,12.880625061554523,12.084797472379165,12.084797472379165,20355946
2025-03-28,12.320598602294922,12.66447533465987,12.084797896267439,12.232173103287437,18531258
2025-04-02,12.389372825622559,13.067300985738868,12.20269751220698,12.320597858099239,24312077
2025-04-03,12.399198532104492,12.80202496255577,12.350073151978771,12.38937326868161,16834075
2025-04-04,12.055322647094727,12.625174803142746,11.976721477340018,12.477798663964936,12288970
2025-04-07,11.868645668029785,11.927596307505057,11.338093660706846,11.593544870118647,14226894
2025-04-08,11.868645668029785,12.133922140185566,11.868645668029785,12.006196535479667,7459538
2025-04-09,11.455994606018066,11.868646293112086,11.455994606018066,11.868646293112086,7791540
2025-04-10,11.790045738220215,12.28129764397939,11.750745623239027,11.790045738220215,17894757
2025-04-11,11.67214584350586,11.858821162619959,11.59354561051164,11.790046192997188,8635388
2025-04-14,11.84899616241455,11.996371356650684,11.750745408264708,11.829345636789128,7988232
2025-04-15,11.809696197509766,12.192872082165197,11.799870934572795,11.878471164091275,10912462
2025-04-16,11.760570526123047,12.045496585259393,11.711445149653617,11.790045377209257,10085927
2025-04-17,12.271472930908203,12.350073164392889,11.858821236619251,11.86864650005201,20933526
2025-04-18,12.379549026489258,12.566224347850882,12.055322827237326,12.428673469960577,13146558
2025-04-21,13.067300796508789,13.067300796508789,12.458148549725708,12.54657404211156,26018913
2025-04-22,12.693949699401855,13.195026883138722,12.497449118619363,13.06730127138293,17901038
2025-04-24,13.430828094482422,13.63715394645355,12.595699422935303,12.69395018558392,17242934
2025-04-25,13.253975868225098,13.784527875984638,13.22450101695752,13.479952226579535,26324884
2025-04-28,13.214676856994629,13.460302824362516,13.037826797642069,13.253976974293943,11976962
2025-04-29,12.536748886108398,13.253976220264404,12.536748886108398,13.195026516163482,11760387
2025-04-30,12.084796905517578,12.860974868632722,11.446168874480664,12.477798050010573,30302082
2025-05-02,12.399198532104492,12.772550109275812,12.18304742174453,12.47779876551017,12710127
2025-05-05,12.330423355102539,12.625174693919512,12.281297975801596,12.399198323930651,8113496
2025-05-06,12.831501007080078,13.067301711969497,12.281298425349393,12.330423806448533,19857847
2025-05-07,12.792200088500977,13.303101583766734,12.634998691430553,13.165550712700858,20482156
2025-05-08,12.86097526550293,13.018175728151096,12.77254977101617,12.86097526550293,5581499
2025-05-09,13.430828094482422,13.55855371113014,12.978876272878459,13.096776625863573,12490683
2025-05-12,13.814003944396973,14.13823012588171,13.470127237009573,13.470127237009573,20292833
2025-05-13,13.76487922668457,14.089105423716653,13.656803203014748,13.843479460086973,16068069
2025-05-14,14.157879829406738,14.275780174811194,13.666627921727178,13.755053415027684,21238509
2025-05-15,14.334731101989746,14.68843214525955,14.059630290557676,14.167705375087392,26127663
2025-05-16,13.814003944396973,14.383856077733096,13.696102662958298,14.34455596291642,15559883
2025-05-20,13.755053520202637,14.02033000213253,13.56837820613204,13.814004161849944,13787524
2025-05-21,13.755053520202637,13.912253981943909,13.558552943026045,13.912253981943909,6361573
2025-05-22,13.705928802490234,14.010505414540555,13.391527863848903,13.774704710559556,16665571
2025-05-23,13.479951858520508,13.91225310093299,13.24415024385237,13.725577798683842,11732999
2025-05-26,13.263802528381348,13.568379146863663,13.057476673793644,13.558553883076456,10746828
2025-05-27,13.126250267028809,13.450476442027334,12.969049810906933,13.244150609120215,18525631
2025-05-28,13.175375938415527,13.224501316299214,12.870800282116237,13.145901086480775,9551165
2025-05-29,13.224501609802246,13.558553062438838,13.145901378239362,13.204851083417191,8837283
2025-05-30,13.116426467895508,13.263801667179816,12.644824143606119,13.224501551571423,9611653
2025-06-02,13.047651290893555,13.509428377800672,12.743075612180457,12.978876318988414,19271389
2025-06-03,13.15572738647461,13.312927858503045,13.086951477220627,13.1164272684675,11560546
2025-06-04,13.253975868225098,13.362051884520596,13.086950149394443,13.12625026341409,14197466
2025-06-05,13.15572738647461,13.303102594754087,13.15572738647461,13.25397721299802,3131026
2025-06-10,13.352227210998535,13.597853168707886,13.116426516474839,13.165550958425772,17336503
2025-06-11,13.745227813720703,13.745227813720703,13.244150655342004,13.362051934833513,21925094
2025-06-12,13.558552742004395,13.833653545972926,13.450476723418127,13.607678119817365,21636271
2025-06-13,12.890450477600098,13.057476208070366,12.39919854962606,12.969050711116848,14509028
2025-06-16,12.772549629211426,12.959224942286431,12.585874316136422,12.792200155318614,10563921
2025-06-17,12.615349769592285,12.929750706383292,12.615349769592285,12.772550237987788,10384457
2025-06-18,12.232172966003418,12.674299519090056,12.232172966003418,12.625175075293866,6790066
2025-06-19,12.379549026489258,12.772550196191995,12.359898499509772,12.428673469960577,13277266
2025-06-20,13.126250267028809,13.214675757844521,12.44832306575606,12.44832306575606,21974525
2025-06-23,12.870800018310547,13.067300588829081,12.517098054388553,12.841324229991294,9591541
2025-06-24,13.057476043701172,13.312927267909304,12.890450315333444,13.077126570327342,14274526
2025-06-25,13.116426467895508,13.35222716154587,13.06730108913785,13.116426467895508,9063439
2025-06-26,13.16555118560791,13.29327679825942,12.959225340092189,13.136076332531003,9076563
2025-06-27,13.16555118560791,13.263801945182513,12.890450370583178,13.263801945182513,8532203
2025-06-30,13.597853660583496,13.60767892412456,13.116426990935786,13.1655514346637,17030538
2025-07-01,13.53890323638916,13.735403825460878,13.460303000760472,13.558553763790691,14498050
2025-07-02,13.386805534362793,13.891035512631367,13.258276268752121,13.614203755946054,31173276
2025-07-03,13.396692276000977,13.64386371672836,13.32748363143604,13.515334454404014,8467295
2025-07-04,13.544995307922363,13.73284613844374,13.426353124748774,13.456013434821106,10349461
2025-07-07,13.416465759277344,13.48567440517481,13.238502959688438,13.456013152839795,7598994
2025-07-08,13.179181098937988,13.515334408035423,13.149520790160043,13.446126706592146,7269283
2025-07-09,13.218729019165039,13.337371201896067,13.169294540639381,13.198955793485329,7319403
2025-07-10,13.396692276000977,13.465899977681694,13.27805009759794,13.27805009759794,12150019
2025-07-11,13.386805534362793,13.535108025437436,13.23850304328815,13.406579702711008,10642125
2025-07-14,13.24838924407959,13.386805594486027,13.208841850089785,13.357145284714736,6694965
2025-07-16,12.902349472045898,13.317597570392882,12.833140827065252,13.169294139335117,9361829
2025-07-17,13.189068794250488,13.189068794250488,12.922123174221138,12.922123174221138,6257045
2025-07-18,13.604316711425781,13.643864105353241,13.060539337760018,13.189068603745325,11829919
2025-07-21,13.930583000183105,14.01956487258035,13.653751241634977,13.683411551472643,18228007
2025-07-22,13.989903450012207,14.61277560634662,13.86137512798132,14.039337927730983,27286532
2025-07-23,14.059112548828125,14.38537879224343,13.980017759084069,13.999790985077947,13152192
2025-07-24,14.167867660522461,14.306284014129217,14.05911256025704,14.138207350065395,9173370
2025-07-25,14.424925804138184,14.672097251247106,14.237074976320226,14.237074976320226,15391660
2025-07-28,14.4051513671875,14.94892872926474,14.2766221039413,14.48424615335682,16299149
2025-07-29,14.207414627075195,14.53368086091885,13.970130264804219,14.464473157644209,11813881
2025-07-30,14.395265579223633,14.454586198863762,14.019564864260577,14.187641524714689,10638245
2025-07-31,14.593002319335938,14.60288940341477,14.355717958749395,14.533680757747184,9537602
2025-08-01,15.097232818603516,15.097232818603516,14.444699389935506,14.612776053593048,18310511
2025-08-04,15.25542163848877,15.532253388369355,15.215874245648685,15.22576038669554,17303796
2025-08-05,15.196100234985352,15.364176892015461,15.057683887171075,15.255421796301249,10080984
2025-08-06,15.047798156738281,15.255422212684495,14.869834410817452,15.225760959774853,11639520
2025-08-07,15.028023719787598,15.324629643397955,14.929155707173638,15.067571113410029,13025983
2025-08-08,14.800626754760742,15.02802403717117,14.77096550175431,15.02802403717117,10650439
2025-08-11,14.859947204589844,14.988476470824288,14.80062658502579,14.810512726363635,7211908
2025-08-12,14.830286979675293,15.17632738635475,14.800626669723533,14.889608542463066,17709247
2025-08-13,14.731417655944824,14.89949431296125,14.415038509977071,14.87972108778038,9289076
2025-08-14,14.217301368713379,14.681983940795828,14.217301368713379,14.632549464125914,15688780
2025-08-15,14.28650951385498,14.365604301828707,14.059112234151577,14.21730181009903,7323430
2025-08-18,14.454586029052734,14.484246338524352,14.068998234384754,14.286509370573171,11880718
2025-08-19,14.652322769165039,14.820399425031065,14.454585804288605,14.464472888253482,12158016
2025-08-20,14.958816528320312,14.998363923295422,14.474360704154153,14.681984763494546,15935403
2025-08-21,15.176326751708984,15.324629238150303,14.899494060788346,15.047797490113878,18378707
2025-08-22,15.1664400100708,15.314742499858527,14.998363352106452,15.176327094159111,13508432
2025-08-25,15.631122589111328,15.631122589111328,15.225760627484565,15.255421879746873,21913570
2025-08-26,15.917841911315918,16.29354168921638,15.79919878442873,15.809085868816707,43261008
2025-08-27,15.205987930297852,16.392410718351822,15.176327619889676,15.967275516669478,47452871
2025-08-28,15.225760459899902,15.8189722982375,14.968702876645555,15.215874318805515,22617301
2025-08-29,15.176326751708984,15.31474215428509,15.028023322383454,15.275194761708459,6843942
2025-09-01,15.047798156738281,15.225760959774853,14.998363678106466,15.166440339724081,8522200
2025-09-02,14.197527885437012,15.146666300302822,13.841601333443931,15.057684426583487,19481079
2025-09-03,13.910808563232422,14.237074793802769,13.742731905922335,14.217301568587352,11207826
2025-09-04,14.28650951385498,14.296396598072759,13.930582967973208,13.940470052190987,8936315
2025-09-05,13.762506484985352,14.335944176619385,13.693298780338427,14.286509697778328,9066078
2025-09-08,13.139634132385254,13.643864112383365,13.100086738437415,13.643864112383365,9191503
2025-09-09,13.159408569335938,13.337371374290642,12.872689721642187,13.248389500371157,6519276
2025-09-10,13.198955535888672,13.287936464037163,12.951784090968541,13.248389070565311,6903628
2025-09-11,13.149520874023438,13.416465540495865,13.060539004237887,13.198955350891435,9125408
2025-09-12,13.456013679504395,13.594430033832666,12.872689837348183,13.109974208010128,8734418
2025-09-15,14.207414627075195,14.256849104936043,13.149521138120575,13.54499507523887,10418158
2025-09-16,14.25684928894043,14.533681048496135,14.16786741621932,14.217301894718187,8542990
2025-09-17,14.187641143798828,14.395265192733394,14.108546357812727,14.335943631801708,7191149
2025-09-18,13.989903450012207,14.395265412998784,13.97013022465524,14.197527502123679,16406372
2025-09-19,14.28650951385498,14.28650951385498,13.920695883755432,14.019564840164714,8285624
2025-09-22,14.345830917358398,14.681984233965052,14.335943833250147,14.681984233965052,10123807
2025-09-23,14.37549114227295,14.850060804952006,14.01956460242683,14.237074794224009,30157279
2025-09-24,14.28650951385498,14.464473258237991,14.039338065716022,14.395265554482041,12565152
2025-09-25,14.583115577697754,14.691870676465982,14.316169958606302,14.3557182958503,15002385
2025-09-26,14.00967788696289,14.681984533911109,13.910808929629004,14.642437139554405,9526458
2025-09-29,13.989903450012207,14.11843271492733,13.792166482021338,14.009677618253413,7863915
2025-09-30,13.85148811340332,14.00967768859022,13.722958847842904,13.989903520249735,5348159
2025-10-01,13.831713676452637,13.891035237437826,13.44612683014368,13.871261069481355,8698095
2025-10-02,13.535107612609863,13.89103508894783,13.475786995143013,13.831713528596763,5038547
2025-10-03,13.386805534362793,13.633976981410026,13.337371056376497,13.554882193785652,5677993
2025-10-06,13.179181098937988,13.446126706592146,13.15940787404743,13.386805146152039,6988257
2025-10-07,13.189068794250488,13.278050667593604,13.090199836561634,13.189068794250488,5049024
2025-10-08,12.981444358825684,13.268163196300495,12.951784049537732,13.189068409609805,9324963
2025-10-09,13.386805534362793,13.42635292817498,13.050652215517076,13.050652215517076,8430882
2025-10-10,13.189068794250488,13.4461273299341,13.169294625559013,13.386805766743937,4191954
2025-10-13,12.852914810180664,13.10997333267649,12.803480333872358,13.030878547736883,4605168
2025-10-14,12.437666893005371,12.92212269330566,12.368459190929393,12.852914991229683,6598499
2025-10-15,12.724386215209961,12.793593919934933,12.417894143241435,12.437667369069601,5361979
2025-10-16,12.506875038146973,12.803480967798148,12.408007023519419,12.704612953170594,4557794
2025-10-17,12.358572006225586,12.49698835213363,11.834568817169203,12.447553875531884,6300352
2025-10-20,12.52664852142334,12.585969138377369,12.091626263634172,12.36845895236699,5803685
2025-10-21,12.457441329956055,12.56619642740727,12.319024979931033,12.516761949335175,4114350
2025-10-22,12.674951553344727,12.882575607406759,12.447554273739962,12.457441357953451,7163539
2025-10-23,12.576083183288574,12.773820147530614,12.576083183288574,12.694725361833799,4043157
2025-10-24,13.436240196228027,13.436240196228027,12.585969803303426,12.585969803303426,12567960
2025-10-27,13.436240196228027,13.792166745408677,13.436240196228027,13.535108210669414,10968827
2025-10-28,13.347258567810059,13.564769712181967,13.050652633281869,13.446127526947546,4448935
2025-10-30,13.278050422668457,13.61420374114881,13.258276254341734,13.347258126043503,7053904
2025-10-31,13.653751373291016,13.673524599078705,13.119861076643762,13.278050654482318,7949267
2025-11-03,13.752618789672852,13.891035135701738,13.614203386528182,13.653750779267261,9926464
2025-11-04,13.535107612609863,13.802053219863337,13.505447303876437,13.802053219863337,3976163
2025-11-05,12.704612731933594,13.554882168768474,12.487101594925884,13.535108000456754,32596231
2025-11-06,12.299250602722168,12.803480573304698,12.131174888745553,12.75404609607194,18887086
2025-11-07,11.943324089050293,12.398119583360138,11.8642293024646,12.319024796774446,11313097
2025-11-10,12.259703636169434,12.348685509708261,11.71592719633751,12.002646042804697,18732606
2025-11-11,11.765360832214355,12.378346867818749,11.340226572532947,12.358572698916033,14301511
2025-11-12,11.577510833740234,12.022419258161776,11.547850523547934,12.022419258161776,9166403
2025-11-13,11.478641510009766,11.765360347086812,11.379773498225678,11.597283689881209,5749417
2025-11-14,11.290791511535645,11.47864139201334,11.191922557883665,11.46875525095552,4980131
2025-11-17,11.22158432006836,11.508303167238033,11.211697235676652,11.330339419724352,12776450
2025-11-18,11.25124454498291,11.804908066337552,11.241357460666228,11.280904855048702,25226877
2025-11-19,11.280904769897461,11.429208204875499,11.271017685655409,11.35011247382333,10395642
2025-11-20,11.271018028259277,11.3995472986601,11.241357717515788,11.330339592630533,7297908
2025-11-21,11.053507804870605,11.300679260665499,11.013960409658793,11.280905091617456,7441467
2025-11-24,10.677806854248047,11.122715276740829,10.677806854248047,11.013960177917696,21922567
2025-11-25,10.598711967468262,10.934865288029053,10.58882488324371,10.776674769088961,11090941
2025-11-26,10.410861015319824,10.638259235367519,10.410861015319824,10.598711841822386,7346046
2025-11-27,10.509730339050293,10.717354398161701,10.450408775210917,10.450408775210917,7451412
2025-11-28,10.36142635345459,10.509729783775375,10.36142635345459,10.509729783775375,5714955
2025-12-01,10.480070114135742,10.569051046294872,10.3416537593033,10.361426985488347,9173389
2025-12-02,10.311992645263672,10.598711474243109,10.242784001796771,10.49984252236708,14354499
2025-12-03,10.252671241760254,10.361426336173402,10.24278415784518,10.351540195142547,8571963
2025-12-04,10.104369163513184,10.381200924149582,10.07470791056752,10.262558741019696,8803020
2025-12-05,10.163689613342285,10.193350865790972,10.035160348050702,10.114255135478716,8424831
2025-12-08,10.21312427520752,10.311993232715901,10.203237190879829,10.203237190879829,10211816
2025-12-09,10.440522193908691,10.499842812365339,10.203236891429412,10.232898143541965,15120961
2025-12-10,10.766788482666016,10.806335876147074,10.400974857245158,10.46029547602463,18515696
2025-12-11,10.48995590209961,10.796448912150277,10.48995590209961,10.766788602430614,10873847
2025-12-12,10.499842643737793,10.707466690770074,10.440522026233834,10.509729727616524,6948810
2025-12-15,10.727241516113281,10.747014742198639,10.499843287383902,10.519617456353531,12579927
2025-12-16,10.569050788879395,10.806336097510684,10.549277563175936,10.756901618925655,7423989
2025-12-17,10.460295677185059,10.638259422714338,10.450408592903598,10.578937859909827,5869155
2025-12-18,10.480070114135742,10.509730424855452,10.351540843837963,10.509730424855452,6231184
2025-12-19,10.667919158935547,10.667919158935547,10.361426162883756,10.480069282111947,6918907
2025-12-22,10.440522193908691,10.697579778694546,10.410860941796138,10.667919469466222,5938355
2025-12-23,10.223011016845703,10.460295375450608,10.223011016845703,10.450408291454346,5007285
2025-12-24,10.21312427520752,10.282331979732831,10.143916570682206,10.24278458530633,5772767
2025-12-25,10.292219161987305,10.381201036014627,10.262558851606286,10.282332077565544,4420728
2025-12-26,10.351540565490723,10.569050762098902,10.242784524302381,10.292219002762149,10736340
2025-12-29,9.92640495300293,10.410860747174063,9.876970476623706,10.361426270794839,8463859
2025-12-30,10.064821243286133,10.064821243286133,9.936291982556215,9.94617906635487,6485697
2025-12-31,10.430635452270508,10.430635452270508,10.054934732470027,10.074707958309915,5511492
2026-01-02,10.391087532043457,10.470182317170293,10.272445354353202,10.34165305561813,7314532
2026-01-05,10.440522193908691,10.559164373706215,10.391087716605332,10.391087716605332,8099311
2026-01-06,10.480070114135742,10.519617509390114,10.44052271888137,10.44052271888137,11541680
2026-01-07,10.302105903625488,10.796448793654026,10.054934458611218,10.578937658033883,15374859
2026-01-08,10.351540565490723,10.450408579526009,10.163689735920451,10.302106087030953,9669846
2026-01-09,10.302105903625488,10.460295477573142,10.242784341953,10.371313606506527,6284356
2026-01-12,10.628372192382812,10.677806670226557,10.302105958652033,10.302105958652033,15193947
2026-01-13,10.994185447692871,11.073280232412055,10.489955487944917,10.638258916456543,20950217
2026-01-14,10.855769157409668,11.102940596617184,10.786561456154512,11.04361997922254,15976231
2026-01-15,10.816222190856934,10.954638541703092,10.786561880991417,10.89531792197206,15804733
2026-01-16,11.073280334472656,11.191922512644938,10.855769203048032,11.013959716828625,17921487
2026-01-19,11.191923141479492,11.369886890179176,11.112828351587249,11.122715436044846,18862349
2026-01-20,11.013959884643555,11.231470076498072,10.865656452505405,11.191922683171411,12034314
2026-01-21,10.756901741027832,11.093055067760618,10.70746726188167,11.03373350420837,10059656
2026-01-22,10.97441291809082,11.013960312955403,10.796449169758063,10.796449169758063,12030238
2026-01-23,11.033733367919922,11.271017733429453,10.984298889384373,11.033733367919922,18999258
2026-01-26,11.22158432006836,11.22158432006836,10.875543909432704,11.033733488162971,17016531
2026-01-27,10.97441291809082,11.231470513268475,10.934865523226238,11.22158437171553,16198035
2026-01-28,11.389660835266113,11.528076243415281,10.964525640786805,10.974412725050103,26674656
2026-01-29,11.795022010803223,12.200383041896721,11.468755769050688,11.498416079332483,54745387
2026-01-30,11.39954662322998,11.814794720572234,11.290791528358142,11.80490763661546,26851647
2026-02-02,11.053507804870605,11.369886966565101,10.79644926455169,11.211697385717853,19443961
2026-02-03,11.271018028259277,11.38966115700179,11.063393967286299,11.083168136371476,20636270
2026-02-04,11.142489433288574,11.369886715004215,11.142489433288574,11.300679010635847,17193165
2026-02-05,10.8458833694458,11.182036688570633,10.826109201081167,11.162262520206,15721118
2026-02-06,10.8458833694458,10.915091072953533,10.677806709883384,10.8458833694458,12003558
2026-02-09,11.142489433288574,11.152375574709588,10.954638603025495,11.063393701730682,11842400
2026-02-10,11.458868026733398,11.55773603629081,11.093054411314137,11.191922420871547,26655392
2026-02-11,11.389660835266113,11.617058116016462,11.271017709875037,11.458868539340697,16881840
2026-02-12,11.55773639678955,11.617057958681672,11.409433906385608,11.409433906385608,16705810
2026-02-13,11.84445571899414,11.933437594016064,11.557736867748092,11.557736867748092,23419031
2026-02-16,11.874116897583008,12.210270226482697,11.804908249178542,11.9433246031032,21492699
2026-02-17,11.824682235717773,11.972984728940354,11.706040052562857,11.884003798737359,14584218
2026-02-18,11.607171058654785,12.141061352615003,11.607171058654785,11.824682198530208,25468605
2026-02-19,10.97441291809082,11.71592727896495,10.865656875050016,11.62694540479857,15776785
2026-02-20,11.21169662475586,11.21169662475586,10.855769149122839,10.974412269589989,9945022
2026-02-23,11.330339431762695,11.567623800110207,11.221584331991153,11.389660995291706,20602777
2026-02-24,11.083168029785156,11.359999794125423,10.98429907107864,11.359999794125423,16858678
2026-02-25,10.697580337524414,11.132602629057988,10.697580337524414,11.093055233726234,15548619
2026-02-26,11.033733367919922,11.102941072139139,10.480069848397687,10.737127439590884,14094160
2026-02-27,10.895318031311035,11.35999968110964,10.7173542845635,11.221584271758676,16495204
2026-03-02,10.519617080688477,10.69757988063857,9.926405233163532,9.926405233163532,14543055
2026-03-03,10.20323657989502,10.667919143743724,10.183463355307948,10.519616659245981,10206587
2026-03-04,10.321879386901855,10.539390527958261,10.143916583205032,10.203237203475886,10702599
2026-03-05,11.350111961364746,11.350111961364746,10.460295163208825,10.52950286400996,11096467
2026-03-06,11.330339431762695,12.150948579461037,11.172149852864354,11.755474632215185,50438274
2026-03-09,11.053507804870605,11.271018007093433,10.717354474128067,11.083168115558395,17268009
2026-03-10,11.567623138427734,11.824681660875603,11.419320652414694,11.567623138427734,14746068
2026-03-11,12.022418975830078,12.101513763074943,11.537963168234231,11.58739764598333,23632974
2026-03-12,11.676379203796387,12.496988306588316,11.676379203796387,12.022418652979031,36475112
2026-03-13,11.696152687072754,11.854342260809803,11.41932093303292,11.67637946179774,16796722
2026-03-16,11.636832237243652,12.042193261548721,11.567623590566125,11.834569207284632,11537705
2026-03-17,11.84445571899414,11.96309884761289,11.686266138014842,11.725813533259666,12025101
2026-03-18,11.587397575378418,12.042193070707318,11.587397575378418,11.9630982839444,8415391
2026-03-19,11.884003639221191,11.884003639221191,11.300678872709488,11.369886576233167,8157340
2026-03-23,11.715927124023438,11.844455448470361,11.132602350322028,11.844455448470361,22285645
2026-03-24,11.271018028259277,11.78513510986257,11.172150011486222,11.735700630033902,11329340
2026-03-25,11.142489433288574,11.51818920804622,11.142489433288574,11.369886715004215,11579636
2026-03-26,10.865656852722168,11.290792053806022,10.865656852722168,11.152375700622281,11046715
2026-03-27,10.875543594360352,10.984298690865629,10.658032458465557,10.924978072002473,11281380
2026-03-30,10.677806854248047,10.974412783537987,10.658032685616064,10.915091220526296,7825317
2026-03-31,10.826108932495117,10.915090802159924,10.628371968175669,10.697579669966421,10301329
2026-04-01,10.924978256225586,11.152375537175914,10.865656693477879,11.13260231151618,9290776
2026-04-02,10.875543594360352,10.964525465539323,10.756901413749802,10.875543594360352,10002603
2026-04-03,11.043620109558105,11.271017383728315,10.806335751410698,10.924977930484403,15876804
2026-04-06,11.25124454498291,11.448981516895282,11.073280798819647,11.073280798819647,16714942
2026-04-07,10.855769157409668,11.409433596103558,10.826108848712346,11.271017250709031,10669706
2026-04-08,11.261131286621094,11.389660550174028,11.1721494162472,11.251244202605278,18297563
2026-04-09,11.448981285095215,11.626945027655362,11.221584007721017,11.2611314013028,20695557
2026-04-10,11.626945495605469,11.686266116923505,11.439094661368376,11.46875591491167,17717786
2026-04-13,11.330339431762695,11.567623800110207,11.21169724758894,11.567623800110207,17950890
2026-04-14,11.350111961364746,11.537962781945263,11.290791344359262,11.369886128956045,13769949
2026-04-15,11.518189430236816,11.646718700031922,11.310565370242303,11.359999849838001,20093339
2026-04-16,11.468755722045898,11.706040089096273,11.27101780661966,11.557736652526595,18547600
2026-04-17,11.864229202270508,11.8938895112686,11.36988631884257,11.468755272681847,25341942
2026-04-20,11.68626594543457,11.824682297952604,11.547850535800798,11.824682297952604,19569394
2026-04-21,11.64671802520752,11.854342073172054,11.399546584434702,11.715926669785176,17274207
2026-04-22,11.36988639831543,11.686265544197775,11.350112230255668,11.646718150962482,11248164
2026-04-24,11.280904769897461,11.379773726549487,11.132602277803674,11.359999558065383,13988390
2026-04-27,11.577510833740234,11.785134890854854,11.41932125553562,11.439094481369066,22003510
2026-04-28,11.112828254699707,11.656605637631147,11.083167944469777,11.656605637631147,20865243
2026-04-29,11.231470108032227,11.488528636819368,11.152375321156835,11.1721494893178,17686097
2026-04-30,11.597283363342285,11.607170447107578,11.122714657218705,11.22158360910322,20266091
2026-05-04,12.022418975830078,12.101513763074943,11.785134614095488,11.82468200771792,52280384
2026-05-05,12.447554588317871,12.447554588317871,11.577510956112059,11.83456949485374,72034804
2026-05-06,12.319025039672852,12.84302824685607,12.259703477121803,12.576083572586978,44807026
2026-05-07,12.496988296508789,12.694725259151417,12.358571951216843,12.358571951216843,30492410
2026-05-08,13.169294357299805,13.3077107066678,12.566196367758861,12.66506532343375,65150428
2026-05-11,13.841601371765137,14.078885740417459,13.268163676079894,13.367032634460495,58483866
2026-05-12,13.505447387695312,14.059111830499347,13.25827594665291,13.841600698374453,36325071
2026-05-13,12.951784133911133,13.614203683924123,12.91223674030816,13.554882122077542,29801821
2026-05-14,12.674951553344727,13.040765183285593,12.52664906167938,12.981444563773154,21042677
2026-05-15,12.457441329956055,12.783707565193948,12.388232683501421,12.655178299360195,16244397
2026-05-18,11.814794540405273,12.477214069260112,11.814794540405273,12.46732698545411,21206213
2026-05-20,12.09162712097168,12.20038316457225,11.696153170290357,11.834569524470956,19831857
2026-05-21,10.885430335998535,12.190495224540108,10.885430335998535,12.091626272366385,15939563
2026-05-22,11.972984313964844,11.972984313964844,10.816221889691686,10.885430534629855,26324038
2026-05-25,12.9715576171875,13.050652405966112,12.012532124641524,12.012532124641524,27907033
2026-05-26,12.862802505493164,13.100086871592044,12.744160322443724,12.852915421184646,5660313
2026-05-27,12.862802505493164,12.862802505493164,12.862802505493164,12.862802505493164,0
2026-05-28,12.862802505493164,12.862802505493164,12.862802505493164,12.862802505493164,0
2026-05-29,12.862802505493164,12.862802505493164,12.862802505493164,12.862802505493164,0
2026-06-01,13.465900421142578,13.663637391659542,13.011104917511437,13.011104917511437,22298274
2026-06-02,13.386805534362793,13.554882193785652,13.198955649475963,13.465900321987167,22115817
2026-06-03,13.396692276000977,13.624089548885744,13.238502704796927,13.38680519207967,20669169
2026-06-04,13.792166709899902,13.891035666971,13.416465993067687,13.564769428674333,23292472
2026-06-05,13.97012996673584,13.999790275665816,13.544994786241228,13.703184357713393,22056785
2026-06-08,14.899494171142578,15.136779471244058,13.653750824309864,13.960242883327767,46545150
2026-06-09,14.583115577697754,15.62123585824631,14.157980381167333,14.850061196789207,51485840
2026-06-10,14.237074851989746,14.533680774507081,13.752619046179165,14.533680774507081,24428758
2026-06-11,14.642436981201172,14.91926873870425,14.108546691717397,14.118432833036465,33971443
2026-06-12,15.126893043518066,15.156553353735848,14.6622104499796,14.81051294395277,32407204
2026-06-15,15.146665573120117,15.591574920356955,15.067570787585616,15.581687836444088,22320690
2026-06-16,14.711644172668457,15.304855060950926,14.593001995011962,15.25542152742388,14632580
2026-06-17,14.751192092895508,15.117005722809852,14.345831069014324,14.741305008682737,21202021
2026-06-18,15.126893043518066,15.196100748320978,14.859947422905247,14.96870346517755,13877141
2026-06-19,15.215874671936035,15.245534981676004,14.879721351935554,15.077458321675763,12369913
2026-06-22,15.176326751708984,15.374063714592147,15.028023322383454,15.324629238150303,14765850
2026-06-23,14.948928833007812,15.294969232063217,14.879721130350424,15.028023619726037,9162293
2026-06-24,15.126893043518066,15.18621366395363,14.800626802469683,15.018137001245766,11507197
2026-06-25,15.156553268432617,15.621235859355785,14.929155986569013,15.146666184120916,15748757
2026-06-26,14.929155349731445,15.19610001457046,14.919268265841499,15.14666553800495,8395660
2026-06-29,14.830286979675293,15.028023950827446,14.464473347322745,14.968703330923926,15802099
2026-06-30,14.830286979675293,15.008250725154356,14.622662924244468,14.840174063953963,8584201
2026-07-01,15.079999923706055,15.489999771118164,14.84000015258789,14.979999542236328,18569024
2026-07-02,14.960000038146973,15.329999923706055,14.859999656677246,15.09000015258789,10229576
2026-07-03,15.199999809265137,15.470000267028809,14.670000076293945,14.960000038146973,17184859
2026-07-06,15.0,15.359999656677246,14.880000114440918,15.279999732971191,8100738
2026-07-07,14.989999771118164,15.170000076293945,14.859999656677246,15.0,8382067
2026-07-08,14.079999923706055,14.979999542236328,13.75,14.979999542236328,22336177
2026-07-09,13.300000190734863,14.149999618530273,13.260000228881836,14.079999923706055,11729819
2026-07-10,13.390000343322754,13.6899995803833,13.289999961853027,13.300000190734863,6608186
2026-07-13,12.989999771118164,13.380000114440918,12.949999809265137,13.220000267028809,8215225
2026-07-14,13.369999885559082,13.470000267028809,12.90999984741211,12.989999771118164,10232700
2026-07-16,13.600000381469727,13.6899995803833,13.34000015258789,13.369999885559082,6958812
2026-07-17,13.600000381469727,13.630000114440918,13.15999984741211,13.600000381469727,8748448
2026-07-20,13.819999694824219,13.970000267028809,13.510000228881836,13.600000381469727,10054443
2026-07-21,13.819999694824219,14.399999618530273,13.760000228881836,13.960000038146973,13241054
2026-07-22,13.979999542236328,14.0,13.630000114440918,13.930000305175781,7165858
2026-07-23,14.699999809265137,15.149999618530273,14.5,14.5,36568329
2026-07-24,15.0,15.25,14.729999542236328,14.729999542236328,23641594
2026-07-27,15.800000190734863,16.31999969482422,14.779999732971191,15.029999732971191,51380435
2026-07-28,15.510000228881836,16.100000381469727,15.079999923706055,15.84000015258789,30106226
2026-07-29,15.069999694824219,15.890000343322754,15.050000190734863,15.510000228881836,17360023
2026-07-30,14.770000457763672,15.1899995803833,14.5600004196167,15.1899995803833,13342754
2026-08-03,14.199999809265137,15.180000305175781,14.180000305175781,15.09000015258789,12586623
2026-08-04,14.760000228881836,14.829999923706055,14.140000343322754,14.199999809265137,11802043
2026-08-05,14.899999618530273,15.050000190734863,14.65999984741211,14.800000190734863,15333580
2026-08-06,14.869999885559082,15.220000267028809,14.770000457763672,15.15999984741211,14116369
2026-08-07,14.899999618530273,15.210000038146973,14.539999961853027,14.800000190734863,16127790
