Stock1,Stock2
GESAN.csv,MIATK.csv
GESAN.csv,YKBNK.csv
GESAN.csv,GUBRF.csv
GESAN.csv,ENJSA.csv
GESAN.csv,BOBET.csv
GESAN.csv,BRSAN.csv
GESAN.csv,TURSG.csv
GESAN.csv,AKSA.csv
GESAN.csv,VAKBN.csv
GESAN.csv,BIMAS.csv
GESAN.csv,ECILC.csv
GESAN.csv,VESTL.csv
GESAN.csv,EGEEN.csv
GESAN.csv,SISE.csv
GESAN.csv,EREGL.csv
GESAN.csv,VESBE.csv
GESAN.csv,PETKM.csv
GESAN.csv,AKFGY.csv
GESAN.csv,AKSEN.csv
GESAN.csv,GARAN.csv
GESAN.csv,AKFYE.csv
GESAN.csv,TKFEN.csv
GESAN.csv,ALFAS.csv
GESAN.csv,CANTE.csv
GESAN.csv,KLSER.csv
GESAN.csv,ARCLK.csv
GESAN.csv,MGROS.csv
GESAN.csv,ODAS.csv
GESAN.csv,SASA.csv
GESAN.csv,KRDMD.csv
GESAN.csv,AHGAZ.csv
GESAN.csv,TOASO.csv
GESAN.csv,AGESA.csv
GESAN.csv,CWENE.csv
GESAN.csv,AKBNK.csv
GESAN.csv,AKCNS.csv
GESAN.csv,EKGYO.csv
GESAN.csv,ISGYO.csv
GESAN.csv,THYAO.csv
GESAN.csv,PGSUS.csv
GESAN.csv,GOKNR.csv
GESAN.csv,TSKB.csv
GESAN.csv,ENTRA.csv
GESAN.csv,BRYAT.csv
GESAN.csv,DOAS.csv
GESAN.csv,A1CAP.csv
GESAN.csv,TAVHL.csv
GESAN.csv,AEFES.csv
GESAN.csv,SKBNK.csv
GESAN.csv,SAHOL.csv
GESAN.csv,CIMSA.csv
GESAN.csv,ISCTR.csv
GESAN.csv,BIOEN.csv
GESAN.csv,ULKER.csv
GESAN.csv,HEKTS.csv
GESAN.csv,OYAKC.csv
GESAN.csv,TUPRS.csv
GESAN.csv,KONTR.csv
GESAN.csv,BUCIM.csv
GESAN.csv,OBAMS.csv
GESAN.csv,FROTO.csv
GESAN.csv,YYLGD.csv
GESAN.csv,KZGYO.csv
GESAN.csv,AFYON.csv
GESAN.csv,KCAER.csv
GESAN.csv,GWIND.csv
GESAN.csv,ASTOR.csv
GESAN.csv,ANSGR.csv
GESAN.csv,ISMEN.csv
GESAN.csv,KAYSE.csv
GESAN.csv,ASELS.csv
GESAN.csv,DOHOL.csv
GESAN.csv,KCHOL.csv
GESAN.csv,ENKAI.csv
GESAN.csv,BERA.csv
GESAN.csv,AGROT.csv
GESAN.csv,BINHO.csv
GESAN.csv,MAVI.csv
GESAN.csv,HALKB.csv
GESAN.csv,ALBRK.csv
GESAN.csv,ARDYZ.csv
GESAN.csv,KMPUR.csv
GESAN.csv,TTKOM.csv
GESAN.csv,OTKAR.csv
GESAN.csv,EUPWR.csv
GESAN.csv,SOKM.csv
GESAN.csv,ALARK.csv
GESAN.csv,KORDS.csv
GESAN.csv,TTRAK.csv
GESAN.csv,CCOLA.csv
GESAN.csv,YEOTK.csv
MIATK.csv,YKBNK.csv
MIATK.csv,GUBRF.csv
MIATK.csv,ENJSA.csv
MIATK.csv,BOBET.csv
MIATK.csv,BRSAN.csv
MIATK.csv,TURSG.csv
MIATK.csv,AKSA.csv
MIATK.csv,VAKBN.csv
MIATK.csv,BIMAS.csv
MIATK.csv,ECILC.csv
MIATK.csv,VESTL.csv
MIATK.csv,EGEEN.csv
MIATK.csv,SISE.csv
MIATK.csv,EREGL.csv
MIATK.csv,VESBE.csv
MIATK.csv,PETKM.csv
MIATK.csv,AKFGY.csv
MIATK.csv,AKSEN.csv
MIATK.csv,GARAN.csv
MIATK.csv,AKFYE.csv
MIATK.csv,TKFEN.csv
MIATK.csv,ALFAS.csv
MIATK.csv,CANTE.csv
MIATK.csv,KLSER.csv
MIATK.csv,ARCLK.csv
MIATK.csv,MGROS.csv
MIATK.csv,ODAS.csv
MIATK.csv,SASA.csv
MIATK.csv,KRDMD.csv
MIATK.csv,AHGAZ.csv
MIATK.csv,TOASO.csv
MIATK.csv,AGESA.csv
MIATK.csv,CWENE.csv
MIATK.csv,AKBNK.csv
MIATK.csv,AKCNS.csv
MIATK.csv,EKGYO.csv
MIATK.csv,ISGYO.csv
MIATK.csv,THYAO.csv
MIATK.csv,PGSUS.csv
MIATK.csv,GOKNR.csv
MIATK.csv,TSKB.csv
MIATK.csv,ENTRA.csv
MIATK.csv,BRYAT.csv
MIATK.csv,DOAS.csv
MIATK.csv,A1CAP.csv
MIATK.csv,TAVHL.csv
MIATK.csv,AEFES.csv
MIATK.csv,SKBNK.csv
MIATK.csv,SAHOL.csv
MIATK.csv,CIMSA.csv
MIATK.csv,ISCTR.csv
MIATK.csv,BIOEN.csv
MIATK.csv,ULKER.csv
MIATK.csv,HEKTS.csv
MIATK.csv,OYAKC.csv
MIATK.csv,TUPRS.csv
MIATK.csv,KONTR.csv
MIATK.csv,BUCIM.csv
MIATK.csv,OBAMS.csv
MIATK.csv,FROTO.csv
MIATK.csv,YYLGD.csv
MIATK.csv,KZGYO.csv
MIATK.csv,AFYON.csv
MIATK.csv,KCAER.csv
MIATK.csv,GWIND.csv
MIATK.csv,ASTOR.csv
MIATK.csv,ANSGR.csv
MIATK.csv,ISMEN.csv
MIATK.csv,KAYSE.csv
MIATK.csv,ASELS.csv
MIATK.csv,DOHOL.csv
MIATK.csv,KCHOL.csv
MIATK.csv,ENKAI.csv
MIATK.csv,BERA.csv
MIATK.csv,AGROT.csv
MIATK.csv,BINHO.csv
MIATK.csv,MAVI.csv
MIATK.csv,HALKB.csv
MIATK.csv,ALBRK.csv
MIATK.csv,ARDYZ.csv
MIATK.csv,KMPUR.csv
MIATK.csv,TTKOM.csv
MIATK.csv,OTKAR.csv
MIATK.csv,EUPWR.csv
MIATK.csv,SOKM.csv
MIATK.csv,ALARK.csv
MIATK.csv,KORDS.csv
MIATK.csv,TTRAK.csv
MIATK.csv,CCOLA.csv
MIATK.csv,YEOTK.csv
YKBNK.csv,GUBRF.csv
YKBNK.csv,ENJSA.csv
YKBNK.csv,BOBET.csv
YKBNK.csv,BRSAN.csv
YKBNK.csv,TURSG.csv
YKBNK.csv,AKSA.csv
YKBNK.csv,VAKBN.csv
YKBNK.csv,BIMAS.csv
YKBNK.csv,ECILC.csv
YKBNK.csv,VESTL.csv
YKBNK.csv,EGEEN.csv
YKBNK.csv,SISE.csv
YKBNK.csv,EREGL.csv
YKBNK.csv,VESBE.csv
YKBNK.csv,PETKM.csv
YKBNK.csv,AKFGY.csv
YKBNK.csv,AKSEN.csv
YKBNK.csv,GARAN.csv
YKBNK.csv,AKFYE.csv
YKBNK.csv,TKFEN.csv
YKBNK.csv,ALFAS.csv
YKBNK.csv,CANTE.csv
YKBNK.csv,KLSER.csv
YKBNK.csv,ARCLK.csv
YKBNK.csv,MGROS.csv
YKBNK.csv,ODAS.csv
YKBNK.csv,SASA.csv
YKBNK.csv,KRDMD.csv
YKBNK.csv,AHGAZ.csv
YKBNK.csv,TOASO.csv
YKBNK.csv,AGESA.csv
YKBNK.csv,CWENE.csv
YKBNK.csv,AKBNK.csv
YKBNK.csv,AKCNS.csv
YKBNK.csv,EKGYO.csv
YKBNK.csv,ISGYO.csv
YKBNK.csv,THYAO.csv
YKBNK.csv,PGSUS.csv
YKBNK.csv,GOKNR.csv
YKBNK.csv,TSKB.csv
YKBNK.csv,ENTRA.csv
YKBNK.csv,BRYAT.csv
YKBNK.csv,DOAS.csv
YKBNK.csv,A1CAP.csv
YKBNK.csv,TAVHL.csv
YKBNK.csv,AEFES.csv
YKBNK.csv,SKBNK.csv
YKBNK.csv,SAHOL.csv
YKBNK.csv,CIMSA.csv
YKBNK.csv,ISCTR.csv
YKBNK.csv,BIOEN.csv
YKBNK.csv,ULKER.csv
YKBNK.csv,HEKTS.csv
YKBNK.csv,OYAKC.csv
YKBNK.csv,TUPRS.csv
YKBNK.csv,KONTR.csv
YKBNK.csv,BUCIM.csv
YKBNK.csv,OBAMS.csv
YKBNK.csv,FROTO.csv
YKBNK.csv,YYLGD.csv
YKBNK.csv,KZGYO.csv
YKBNK.csv,AFYON.csv
YKBNK.csv,KCAER.csv
YKBNK.csv,GWIND.csv
YKBNK.csv,ASTOR.csv
YKBNK.csv,ANSGR.csv
YKBNK.csv,ISMEN.csv
YKBNK.csv,KAYSE.csv
YKBNK.csv,ASELS.csv
YKBNK.csv,DOHOL.csv
YKBNK.csv,KCHOL.csv
YKBNK.csv,ENKAI.csv
YKBNK.csv,BERA.csv
YKBNK.csv,AGROT.csv
YKBNK.csv,BINHO.csv
YKBNK.csv,MAVI.csv
YKBNK.csv,HALKB.csv
YKBNK.csv,ALBRK.csv
YKBNK.csv,ARDYZ.csv
YKBNK.csv,KMPUR.csv
YKBNK.csv,TTKOM.csv
YKBNK.csv,OTKAR.csv
YKBNK.csv,EUPWR.csv
YKBNK.csv,SOKM.csv
YKBNK.csv,ALARK.csv
YKBNK.csv,KORDS.csv
YKBNK.csv,TTRAK.csv
YKBNK.csv,CCOLA.csv
YKBNK.csv,YEOTK.csv
GUBRF.csv,ENJSA.csv
GUBRF.csv,BOBET.csv
GUBRF.csv,BRSAN.csv
GUBRF.csv,TURSG.csv
GUBRF.csv,AKSA.csv
GUBRF.csv,VAKBN.csv
GUBRF.csv,BIMAS.csv
GUBRF.csv,ECILC.csv
GUBRF.csv,VESTL.csv
GUBRF.csv,EGEEN.csv
GUBRF.csv,SISE.csv
GUBRF.csv,EREGL.csv
GUBRF.csv,VESBE.csv
GUBRF.csv,PETKM.csv
GUBRF.csv,AKFGY.csv
GUBRF.csv,AKSEN.csv
GUBRF.csv,GARAN.csv
GUBRF.csv,AKFYE.csv
GUBRF.csv,TKFEN.csv
GUBRF.csv,ALFAS.csv
GUBRF.csv,CANTE.csv
GUBRF.csv,KLSER.csv
GUBRF.csv,ARCLK.csv
GUBRF.csv,MGROS.csv
GUBRF.csv,ODAS.csv
GUBRF.csv,SASA.csv
GUBRF.csv,KRDMD.csv
GUBRF.csv,AHGAZ.csv
GUBRF.csv,TOASO.csv
GUBRF.csv,AGESA.csv
GUBRF.csv,CWENE.csv
GUBRF.csv,AKBNK.csv
GUBRF.csv,AKCNS.csv
GUBRF.csv,EKGYO.csv
GUBRF.csv,ISGYO.csv
GUBRF.csv,THYAO.csv
GUBRF.csv,PGSUS.csv
GUBRF.csv,GOKNR.csv
GUBRF.csv,TSKB.csv
GUBRF.csv,ENTRA.csv
GUBRF.csv,BRYAT.csv
GUBRF.csv,DOAS.csv
GUBRF.csv,A1CAP.csv
GUBRF.csv,TAVHL.csv
GUBRF.csv,AEFES.csv
GUBRF.csv,SKBNK.csv
GUBRF.csv,SAHOL.csv
GUBRF.csv,CIMSA.csv
GUBRF.csv,ISCTR.csv
GUBRF.csv,BIOEN.csv
GUBRF.csv,ULKER.csv
GUBRF.csv,HEKTS.csv
GUBRF.csv,OYAKC.csv
GUBRF.csv,TUPRS.csv
GUBRF.csv,KONTR.csv
GUBRF.csv,BUCIM.csv
GUBRF.csv,OBAMS.csv
GUBRF.csv,FROTO.csv
GUBRF.csv,YYLGD.csv
GUBRF.csv,KZGYO.csv
GUBRF.csv,AFYON.csv
GUBRF.csv,KCAER.csv
GUBRF.csv,GWIND.csv
GUBRF.csv,ASTOR.csv
GUBRF.csv,ANSGR.csv
GUBRF.csv,ISMEN.csv
GUBRF.csv,KAYSE.csv
GUBRF.csv,ASELS.csv
GUBRF.csv,DOHOL.csv
GUBRF.csv,KCHOL.csv
GUBRF.csv,ENKAI.csv
GUBRF.csv,BERA.csv
GUBRF.csv,AGROT.csv
GUBRF.csv,BINHO.csv
GUBRF.csv,MAVI.csv
GUBRF.csv,HALKB.csv
GUBRF.csv,ALBRK.csv
GUBRF.csv,ARDYZ.csv
GUBRF.csv,KMPUR.csv
GUBRF.csv,TTKOM.csv
GUBRF.csv,OTKAR.csv
GUBRF.csv,EUPWR.csv
GUBRF.csv,SOKM.csv
GUBRF.csv,ALARK.csv
GUBRF.csv,KORDS.csv
GUBRF.csv,TTRAK.csv
GUBRF.csv,CCOLA.csv
GUBRF.csv,YEOTK.csv
ENJSA.csv,BOBET.csv
ENJSA.csv,BRSAN.csv
ENJSA.csv,TURSG.csv
ENJSA.csv,AKSA.csv
ENJSA.csv,VAKBN.csv
ENJSA.csv,BIMAS.csv
ENJSA.csv,ECILC.csv
ENJSA.csv,VESTL.csv
ENJSA.csv,EGEEN.csv
ENJSA.csv,SISE.csv
ENJSA.csv,EREGL.csv
ENJSA.csv,VESBE.csv
ENJSA.csv,PETKM.csv
ENJSA.csv,AKFGY.csv
ENJSA.csv,AKSEN.csv
ENJSA.csv,GARAN.csv
ENJSA.csv,AKFYE.csv
ENJSA.csv,TKFEN.csv
ENJSA.csv,ALFAS.csv
ENJSA.csv,CANTE.csv
ENJSA.csv,KLSER.csv
ENJSA.csv,ARCLK.csv
ENJSA.csv,MGROS.csv
ENJSA.csv,ODAS.csv
ENJSA.csv,SASA.csv
ENJSA.csv,KRDMD.csv
ENJSA.csv,AHGAZ.csv
ENJSA.csv,TOASO.csv
ENJSA.csv,AGESA.csv
ENJSA.csv,CWENE.csv
ENJSA.csv,AKBNK.csv
ENJSA.csv,AKCNS.csv
ENJSA.csv,EKGYO.csv
ENJSA.csv,ISGYO.csv
ENJSA.csv,THYAO.csv
ENJSA.csv,PGSUS.csv
ENJSA.csv,GOKNR.csv
ENJSA.csv,TSKB.csv
ENJSA.csv,ENTRA.csv
ENJSA.csv,BRYAT.csv
ENJSA.csv,DOAS.csv
ENJSA.csv,A1CAP.csv
ENJSA.csv,TAVHL.csv
ENJSA.csv,AEFES.csv
ENJSA.csv,SKBNK.csv
ENJSA.csv,SAHOL.csv
ENJSA.csv,CIMSA.csv
ENJSA.csv,ISCTR.csv
ENJSA.csv,BIOEN.csv
ENJSA.csv,ULKER.csv
ENJSA.csv,HEKTS.csv
ENJSA.csv,OYAKC.csv
ENJSA.csv,TUPRS.csv
ENJSA.csv,KONTR.csv
ENJSA.csv,BUCIM.csv
ENJSA.csv,OBAMS.csv
ENJSA.csv,FROTO.csv
ENJSA.csv,YYLGD.csv
ENJSA.csv,KZGYO.csv
ENJSA.csv,AFYON.csv
ENJSA.csv,KCAER.csv
ENJSA.csv,GWIND.csv
ENJSA.csv,ASTOR.csv
ENJSA.csv,ANSGR.csv
ENJSA.csv,ISMEN.csv
ENJSA.csv,KAYSE.csv
ENJSA.csv,ASELS.csv
ENJSA.csv,DOHOL.csv
ENJSA.csv,KCHOL.csv
ENJSA.csv,ENKAI.csv
ENJSA.csv,BERA.csv
ENJSA.csv,AGROT.csv
ENJSA.csv,BINHO.csv
ENJSA.csv,MAVI.csv
ENJSA.csv,HALKB.csv
ENJSA.csv,ALBRK.csv
ENJSA.csv,ARDYZ.csv
ENJSA.csv,KMPUR.csv
ENJSA.csv,TTKOM.csv
ENJSA.csv,OTKAR.csv
ENJSA.csv,EUPWR.csv
ENJSA.csv,SOKM.csv
ENJSA.csv,ALARK.csv
ENJSA.csv,KORDS.csv
ENJSA.csv,TTRAK.csv
ENJSA.csv,CCOLA.csv
ENJSA.csv,YEOTK.csv
BOBET.csv,BRSAN.csv
BOBET.csv,TURSG.csv
BOBET.csv,AKSA.csv
BOBET.csv,VAKBN.csv
BOBET.csv,BIMAS.csv
BOBET.csv,ECILC.csv
BOBET.csv,VESTL.csv
BOBET.csv,EGEEN.csv
BOBET.csv,SISE.csv
BOBET.csv,EREGL.csv
BOBET.csv,VESBE.csv
BOBET.csv,PETKM.csv
BOBET.csv,AKFGY.csv
BOBET.csv,AKSEN.csv
BOBET.csv,GARAN.csv
BOBET.csv,AKFYE.csv
BOBET.csv,TKFEN.csv
BOBET.csv,ALFAS.csv
BOBET.csv,CANTE.csv
BOBET.csv,KLSER.csv
BOBET.csv,ARCLK.csv
BOBET.csv,MGROS.csv
BOBET.csv,ODAS.csv
BOBET.csv,SASA.csv
BOBET.csv,KRDMD.csv
BOBET.csv,AHGAZ.csv
BOBET.csv,TOASO.csv
BOBET.csv,AGESA.csv
BOBET.csv,CWENE.csv
BOBET.csv,AKBNK.csv
BOBET.csv,AKCNS.csv
BOBET.csv,EKGYO.csv
BOBET.csv,ISGYO.csv
BOBET.csv,THYAO.csv
BOBET.csv,PGSUS.csv
BOBET.csv,GOKNR.csv
BOBET.csv,TSKB.csv
BOBET.csv,ENTRA.csv
BOBET.csv,BRYAT.csv
BOBET.csv,DOAS.csv
BOBET.csv,A1CAP.csv
BOBET.csv,TAVHL.csv
BOBET.csv,AEFES.csv
BOBET.csv,SKBNK.csv
BOBET.csv,SAHOL.csv
BOBET.csv,CIMSA.csv
BOBET.csv,ISCTR.csv
BOBET.csv,BIOEN.csv
BOBET.csv,ULKER.csv
BOBET.csv,HEKTS.csv
BOBET.csv,OYAKC.csv
BOBET.csv,TUPRS.csv
BOBET.csv,KONTR.csv
BOBET.csv,BUCIM.csv
BOBET.csv,OBAMS.csv
BOBET.csv,FROTO.csv
BOBET.csv,YYLGD.csv
BOBET.csv,KZGYO.csv
BOBET.csv,AFYON.csv
BOBET.csv,KCAER.csv
BOBET.csv,GWIND.csv
BOBET.csv,ASTOR.csv
BOBET.csv,ANSGR.csv
BOBET.csv,ISMEN.csv
BOBET.csv,KAYSE.csv
BOBET.csv,ASELS.csv
BOBET.csv,DOHOL.csv
BOBET.csv,KCHOL.csv
BOBET.csv,ENKAI.csv
BOBET.csv,BERA.csv
BOBET.csv,AGROT.csv
BOBET.csv,BINHO.csv
BOBET.csv,MAVI.csv
BOBET.csv,HALKB.csv
BOBET.csv,ALBRK.csv
BOBET.csv,ARDYZ.csv
BOBET.csv,KMPUR.csv
BOBET.csv,TTKOM.csv
BOBET.csv,OTKAR.csv
BOBET.csv,EUPWR.csv
BOBET.csv,SOKM.csv
BOBET.csv,ALARK.csv
BOBET.csv,KORDS.csv
BOBET.csv,TTRAK.csv
BOBET.csv,CCOLA.csv
BOBET.csv,YEOTK.csv
BRSAN.csv,TURSG.csv
BRSAN.csv,AKSA.csv
BRSAN.csv,VAKBN.csv
BRSAN.csv,BIMAS.csv
BRSAN.csv,ECILC.csv
BRSAN.csv,VESTL.csv
BRSAN.csv,EGEEN.csv
BRSAN.csv,SISE.csv
BRSAN.csv,EREGL.csv
BRSAN.csv,VESBE.csv
BRSAN.csv,PETKM.csv
BRSAN.csv,AKFGY.csv
BRSAN.csv,AKSEN.csv
BRSAN.csv,GARAN.csv
BRSAN.csv,AKFYE.csv
BRSAN.csv,TKFEN.csv
BRSAN.csv,ALFAS.csv
BRSAN.csv,CANTE.csv
BRSAN.csv,KLSER.csv
BRSAN.csv,ARCLK.csv
BRSAN.csv,MGROS.csv
BRSAN.csv,ODAS.csv
BRSAN.csv,SASA.csv
BRSAN.csv,KRDMD.csv
BRSAN.csv,AHGAZ.csv
BRSAN.csv,TOASO.csv
BRSAN.csv,AGESA.csv
BRSAN.csv,CWENE.csv
BRSAN.csv,AKBNK.csv
BRSAN.csv,AKCNS.csv
BRSAN.csv,EKGYO.csv
BRSAN.csv,ISGYO.csv
BRSAN.csv,THYAO.csv
BRSAN.csv,PGSUS.csv
BRSAN.csv,GOKNR.csv
BRSAN.csv,TSKB.csv
BRSAN.csv,ENTRA.csv
BRSAN.csv,BRYAT.csv
BRSAN.csv,DOAS.csv
BRSAN.csv,A1CAP.csv
BRSAN.csv,TAVHL.csv
BRSAN.csv,AEFES.csv
BRSAN.csv,SKBNK.csv
BRSAN.csv,SAHOL.csv
BRSAN.csv,CIMSA.csv
BRSAN.csv,ISCTR.csv
BRSAN.csv,BIOEN.csv
BRSAN.csv,ULKER.csv
BRSAN.csv,HEKTS.csv
BRSAN.csv,OYAKC.csv
BRSAN.csv,TUPRS.csv
BRSAN.csv,KONTR.csv
BRSAN.csv,BUCIM.csv
BRSAN.csv,OBAMS.csv
BRSAN.csv,FROTO.csv
BRSAN.csv,YYLGD.csv
BRSAN.csv,KZGYO.csv
BRSAN.csv,AFYON.csv
BRSAN.csv,KCAER.csv
BRSAN.csv,GWIND.csv
BRSAN.csv,ASTOR.csv
BRSAN.csv,ANSGR.csv
BRSAN.csv,ISMEN.csv
BRSAN.csv,KAYSE.csv
BRSAN.csv,ASELS.csv
BRSAN.csv,DOHOL.csv
BRSAN.csv,KCHOL.csv
BRSAN.csv,ENKAI.csv
BRSAN.csv,BERA.csv
BRSAN.csv,AGROT.csv
BRSAN.csv,BINHO.csv
BRSAN.csv,MAVI.csv
BRSAN.csv,HALKB.csv
BRSAN.csv,ALBRK.csv
BRSAN.csv,ARDYZ.csv
BRSAN.csv,KMPUR.csv
BRSAN.csv,TTKOM.csv
BRSAN.csv,OTKAR.csv
BRSAN.csv,EUPWR.csv
BRSAN.csv,SOKM.csv
BRSAN.csv,ALARK.csv
BRSAN.csv,KORDS.csv
BRSAN.csv,TTRAK.csv
BRSAN.csv,CCOLA.csv
BRSAN.csv,YEOTK.csv
TURSG.csv,AKSA.csv
TURSG.csv,VAKBN.csv
TURSG.csv,BIMAS.csv
TURSG.csv,ECILC.csv
TURSG.csv,VESTL.csv
TURSG.csv,EGEEN.csv
TURSG.csv,SISE.csv
TURSG.csv,EREGL.csv
TURSG.csv,VESBE.csv
TURSG.csv,PETKM.csv
TURSG.csv,AKFGY.csv
TURSG.csv,AKSEN.csv
TURSG.csv,GARAN.csv
TURSG.csv,AKFYE.csv
TURSG.csv,TKFEN.csv
TURSG.csv,ALFAS.csv
TURSG.csv,CANTE.csv
TURSG.csv,KLSER.csv
TURSG.csv,ARCLK.csv
TURSG.csv,MGROS.csv
TURSG.csv,ODAS.csv
TURSG.csv,SASA.csv
TURSG.csv,KRDMD.csv
TURSG.csv,AHGAZ.csv
TURSG.csv,TOASO.csv
TURSG.csv,AGESA.csv
TURSG.csv,CWENE.csv
TURSG.csv,AKBNK.csv
TURSG.csv,AKCNS.csv
TURSG.csv,EKGYO.csv
TURSG.csv,ISGYO.csv
TURSG.csv,THYAO.csv
TURSG.csv,PGSUS.csv
TURSG.csv,GOKNR.csv
TURSG.csv,TSKB.csv
TURSG.csv,ENTRA.csv
TURSG.csv,BRYAT.csv
TURSG.csv,DOAS.csv
TURSG.csv,A1CAP.csv
TURSG.csv,TAVHL.csv
TURSG.csv,AEFES.csv
TURSG.csv,SKBNK.csv
TURSG.csv,SAHOL.csv
TURSG.csv,CIMSA.csv
TURSG.csv,ISCTR.csv
TURSG.csv,BIOEN.csv
TURSG.csv,ULKER.csv
TURSG.csv,HEKTS.csv
TURSG.csv,OYAKC.csv
TURSG.csv,TUPRS.csv
TURSG.csv,KONTR.csv
TURSG.csv,BUCIM.csv
TURSG.csv,OBAMS.csv
TURSG.csv,FROTO.csv
TURSG.csv,YYLGD.csv
TURSG.csv,KZGYO.csv
TURSG.csv,AFYON.csv
TURSG.csv,KCAER.csv
TURSG.csv,GWIND.csv
TURSG.csv,ASTOR.csv
TURSG.csv,ANSGR.csv
TURSG.csv,ISMEN.csv
TURSG.csv,KAYSE.csv
TURSG.csv,ASELS.csv
TURSG.csv,DOHOL.csv
TURSG.csv,KCHOL.csv
TURSG.csv,ENKAI.csv
TURSG.csv,BERA.csv
TURSG.csv,AGROT.csv
TURSG.csv,BINHO.csv
TURSG.csv,MAVI.csv
TURSG.csv,HALKB.csv
TURSG.csv,ALBRK.csv
TURSG.csv,ARDYZ.csv
TURSG.csv,KMPUR.csv
TURSG.csv,TTKOM.csv
TURSG.csv,OTKAR.csv
TURSG.csv,EUPWR.csv
TURSG.csv,SOKM.csv
TURSG.csv,ALARK.csv
TURSG.csv,KORDS.csv
TURSG.csv,TTRAK.csv
TURSG.csv,CCOLA.csv
TURSG.csv,YEOTK.csv
AKSA.csv,VAKBN.csv
AKSA.csv,BIMAS.csv
AKSA.csv,ECILC.csv
AKSA.csv,VESTL.csv
AKSA.csv,EGEEN.csv
AKSA.csv,SISE.csv
AKSA.csv,EREGL.csv
AKSA.csv,VESBE.csv
AKSA.csv,PETKM.csv
AKSA.csv,AKFGY.csv
AKSA.csv,AKSEN.csv
AKSA.csv,GARAN.csv
AKSA.csv,AKFYE.csv
AKSA.csv,TKFEN.csv
AKSA.csv,ALFAS.csv
AKSA.csv,CANTE.csv
AKSA.csv,KLSER.csv
AKSA.csv,ARCLK.csv
AKSA.csv,MGROS.csv
AKSA.csv,ODAS.csv
AKSA.csv,SASA.csv
AKSA.csv,KRDMD.csv
AKSA.csv,AHGAZ.csv
AKSA.csv,TOASO.csv
AKSA.csv,AGESA.csv
AKSA.csv,CWENE.csv
AKSA.csv,AKBNK.csv
AKSA.csv,AKCNS.csv
AKSA.csv,EKGYO.csv
AKSA.csv,ISGYO.csv
AKSA.csv,THYAO.csv
AKSA.csv,PGSUS.csv
AKSA.csv,GOKNR.csv
AKSA.csv,TSKB.csv
AKSA.csv,ENTRA.csv
AKSA.csv,BRYAT.csv
AKSA.csv,DOAS.csv
AKSA.csv,A1CAP.csv
AKSA.csv,TAVHL.csv
AKSA.csv,AEFES.csv
AKSA.csv,SKBNK.csv
AKSA.csv,SAHOL.csv
AKSA.csv,CIMSA.csv
AKSA.csv,ISCTR.csv
AKSA.csv,BIOEN.csv
AKSA.csv,ULKER.csv
AKSA.csv,HEKTS.csv
AKSA.csv,OYAKC.csv
AKSA.csv,TUPRS.csv
AKSA.csv,KONTR.csv
AKSA.csv,BUCIM.csv
AKSA.csv,OBAMS.csv
AKSA.csv,FROTO.csv
AKSA.csv,YYLGD.csv
AKSA.csv,KZGYO.csv
AKSA.csv,AFYON.csv
AKSA.csv,KCAER.csv
AKSA.csv,GWIND.csv
AKSA.csv,ASTOR.csv
AKSA.csv,ANSGR.csv
AKSA.csv,ISMEN.csv
AKSA.csv,KAYSE.csv
AKSA.csv,ASELS.csv
AKSA.csv,DOHOL.csv
AKSA.csv,KCHOL.csv
AKSA.csv,ENKAI.csv
AKSA.csv,BERA.csv
AKSA.csv,AGROT.csv
AKSA.csv,BINHO.csv
AKSA.csv,MAVI.csv
AKSA.csv,HALKB.csv
AKSA.csv,ALBRK.csv
AKSA.csv,ARDYZ.csv
AKSA.csv,KMPUR.csv
AKSA.csv,TTKOM.csv
AKSA.csv,OTKAR.csv
AKSA.csv,EUPWR.csv
AKSA.csv,SOKM.csv
AKSA.csv,ALARK.csv
AKSA.csv,KORDS.csv
AKSA.csv,TTRAK.csv
AKSA.csv,CCOLA.csv
AKSA.csv,YEOTK.csv
VAKBN.csv,BIMAS.csv
VAKBN.csv,ECILC.csv
VAKBN.csv,VESTL.csv
VAKBN.csv,EGEEN.csv
VAKBN.csv,SISE.csv
VAKBN.csv,EREGL.csv
VAKBN.csv,VESBE.csv
VAKBN.csv,PETKM.csv
VAKBN.csv,AKFGY.csv
VAKBN.csv,AKSEN.csv
VAKBN.csv,GARAN.csv
VAKBN.csv,AKFYE.csv
VAKBN.csv,TKFEN.csv
VAKBN.csv,ALFAS.csv
VAKBN.csv,CANTE.csv
VAKBN.csv,KLSER.csv
VAKBN.csv,ARCLK.csv
VAKBN.csv,MGROS.csv
VAKBN.csv,ODAS.csv
VAKBN.csv,SASA.csv
VAKBN.csv,KRDMD.csv
VAKBN.csv,AHGAZ.csv
VAKBN.csv,TOASO.csv
VAKBN.csv,AGESA.csv
VAKBN.csv,CWENE.csv
VAKBN.csv,AKBNK.csv
VAKBN.csv,AKCNS.csv
VAKBN.csv,EKGYO.csv
VAKBN.csv,ISGYO.csv
VAKBN.csv,THYAO.csv
VAKBN.csv,PGSUS.csv
VAKBN.csv,GOKNR.csv
VAKBN.csv,TSKB.csv
VAKBN.csv,ENTRA.csv
VAKBN.csv,BRYAT.csv
VAKBN.csv,DOAS.csv
VAKBN.csv,A1CAP.csv
VAKBN.csv,TAVHL.csv
VAKBN.csv,AEFES.csv
VAKBN.csv,SKBNK.csv
VAKBN.csv,SAHOL.csv
VAKBN.csv,CIMSA.csv
VAKBN.csv,ISCTR.csv
VAKBN.csv,BIOEN.csv
VAKBN.csv,ULKER.csv
VAKBN.csv,HEKTS.csv
VAKBN.csv,OYAKC.csv
VAKBN.csv,TUPRS.csv
VAKBN.csv,KONTR.csv
VAKBN.csv,BUCIM.csv
VAKBN.csv,OBAMS.csv
VAKBN.csv,FROTO.csv
VAKBN.csv,YYLGD.csv
VAKBN.csv,KZGYO.csv
VAKBN.csv,AFYON.csv
VAKBN.csv,KCAER.csv
VAKBN.csv,GWIND.csv
VAKBN.csv,ASTOR.csv
VAKBN.csv,ANSGR.csv
VAKBN.csv,ISMEN.csv
VAKBN.csv,KAYSE.csv
VAKBN.csv,ASELS.csv
VAKBN.csv,DOHOL.csv
VAKBN.csv,KCHOL.csv
VAKBN.csv,ENKAI.csv
VAKBN.csv,BERA.csv
VAKBN.csv,AGROT.csv
VAKBN.csv,BINHO.csv
VAKBN.csv,MAVI.csv
VAKBN.csv,HALKB.csv
VAKBN.csv,ALBRK.csv
VAKBN.csv,ARDYZ.csv
VAKBN.csv,KMPUR.csv
VAKBN.csv,TTKOM.csv
VAKBN.csv,OTKAR.csv
VAKBN.csv,EUPWR.csv
VAKBN.csv,SOKM.csv
VAKBN.csv,ALARK.csv
VAKBN.csv,KORDS.csv
VAKBN.csv,TTRAK.csv
VAKBN.csv,CCOLA.csv
VAKBN.csv,YEOTK.csv
BIMAS.csv,ECILC.csv
BIMAS.csv,VESTL.csv
BIMAS.csv,EGEEN.csv
BIMAS.csv,SISE.csv
BIMAS.csv,EREGL.csv
BIMAS.csv,VESBE.csv
BIMAS.csv,PETKM.csv
BIMAS.csv,AKFGY.csv
BIMAS.csv,AKSEN.csv
BIMAS.csv,GARAN.csv
BIMAS.csv,AKFYE.csv
BIMAS.csv,TKFEN.csv
BIMAS.csv,ALFAS.csv
BIMAS.csv,CANTE.csv
BIMAS.csv,KLSER.csv
BIMAS.csv,ARCLK.csv
BIMAS.csv,MGROS.csv
BIMAS.csv,ODAS.csv
BIMAS.csv,SASA.csv
BIMAS.csv,KRDMD.csv
BIMAS.csv,AHGAZ.csv
BIMAS.csv,TOASO.csv
BIMAS.csv,AGESA.csv
BIMAS.csv,CWENE.csv
BIMAS.csv,AKBNK.csv
BIMAS.csv,AKCNS.csv
BIMAS.csv,EKGYO.csv
BIMAS.csv,ISGYO.csv
BIMAS.csv,THYAO.csv
BIMAS.csv,PGSUS.csv
BIMAS.csv,GOKNR.csv
BIMAS.csv,TSKB.csv
BIMAS.csv,ENTRA.csv
BIMAS.csv,BRYAT.csv
BIMAS.csv,DOAS.csv
BIMAS.csv,A1CAP.csv
BIMAS.csv,TAVHL.csv
BIMAS.csv,AEFES.csv
BIMAS.csv,SKBNK.csv
BIMAS.csv,SAHOL.csv
BIMAS.csv,CIMSA.csv
BIMAS.csv,ISCTR.csv
BIMAS.csv,BIOEN.csv
BIMAS.csv,ULKER.csv
BIMAS.csv,HEKTS.csv
BIMAS.csv,OYAKC.csv
BIMAS.csv,TUPRS.csv
BIMAS.csv,KONTR.csv
BIMAS.csv,BUCIM.csv
BIMAS.csv,OBAMS.csv
BIMAS.csv,FROTO.csv
BIMAS.csv,YYLGD.csv
BIMAS.csv,KZGYO.csv
BIMAS.csv,AFYON.csv
BIMAS.csv,KCAER.csv
BIMAS.csv,GWIND.csv
BIMAS.csv,ASTOR.csv
BIMAS.csv,ANSGR.csv
BIMAS.csv,ISMEN.csv
BIMAS.csv,KAYSE.csv
BIMAS.csv,ASELS.csv
BIMAS.csv,DOHOL.csv
BIMAS.csv,KCHOL.csv
BIMAS.csv,ENKAI.csv
BIMAS.csv,BERA.csv
BIMAS.csv,AGROT.csv
BIMAS.csv,BINHO.csv
BIMAS.csv,MAVI.csv
BIMAS.csv,HALKB.csv
BIMAS.csv,ALBRK.csv
BIMAS.csv,ARDYZ.csv
BIMAS.csv,KMPUR.csv
BIMAS.csv,TTKOM.csv
BIMAS.csv,OTKAR.csv
BIMAS.csv,EUPWR.csv
BIMAS.csv,SOKM.csv
BIMAS.csv,ALARK.csv
BIMAS.csv,KORDS.csv
BIMAS.csv,TTRAK.csv
BIMAS.csv,CCOLA.csv
BIMAS.csv,YEOTK.csv
ECILC.csv,VESTL.csv
ECILC.csv,EGEEN.csv
ECILC.csv,SISE.csv
ECILC.csv,EREGL.csv
ECILC.csv,VESBE.csv
ECILC.csv,PETKM.csv
ECILC.csv,AKFGY.csv
ECILC.csv,AKSEN.csv
ECILC.csv,GARAN.csv
ECILC.csv,AKFYE.csv
ECILC.csv,TKFEN.csv
ECILC.csv,ALFAS.csv
ECILC.csv,CANTE.csv
ECILC.csv,KLSER.csv
ECILC.csv,ARCLK.csv
ECILC.csv,MGROS.csv
ECILC.csv,ODAS.csv
ECILC.csv,SASA.csv
ECILC.csv,KRDMD.csv
ECILC.csv,AHGAZ.csv
ECILC.csv,TOASO.csv
ECILC.csv,AGESA.csv
ECILC.csv,CWENE.csv
ECILC.csv,AKBNK.csv
ECILC.csv,AKCNS.csv
ECILC.csv,EKGYO.csv
ECILC.csv,ISGYO.csv
ECILC.csv,THYAO.csv
ECILC.csv,PGSUS.csv
ECILC.csv,GOKNR.csv
ECILC.csv,TSKB.csv
ECILC.csv,ENTRA.csv
ECILC.csv,BRYAT.csv
ECILC.csv,DOAS.csv
ECILC.csv,A1CAP.csv
ECILC.csv,TAVHL.csv
ECILC.csv,AEFES.csv
ECILC.csv,SKBNK.csv
ECILC.csv,SAHOL.csv
ECILC.csv,CIMSA.csv
ECILC.csv,ISCTR.csv
ECILC.csv,BIOEN.csv
ECILC.csv,ULKER.csv
ECILC.csv,HEKTS.csv
ECILC.csv,OYAKC.csv
ECILC.csv,TUPRS.csv
ECILC.csv,KONTR.csv
ECILC.csv,BUCIM.csv
ECILC.csv,OBAMS.csv
ECILC.csv,FROTO.csv
ECILC.csv,YYLGD.csv
ECILC.csv,KZGYO.csv
ECILC.csv,AFYON.csv
ECILC.csv,KCAER.csv
ECILC.csv,GWIND.csv
ECILC.csv,ASTOR.csv
ECILC.csv,ANSGR.csv
ECILC.csv,ISMEN.csv
ECILC.csv,KAYSE.csv
ECILC.csv,ASELS.csv
ECILC.csv,DOHOL.csv
ECILC.csv,KCHOL.csv
ECILC.csv,ENKAI.csv
ECILC.csv,BERA.csv
ECILC.csv,AGROT.csv
ECILC.csv,BINHO.csv
ECILC.csv,MAVI.csv
ECILC.csv,HALKB.csv
ECILC.csv,ALBRK.csv
ECILC.csv,ARDYZ.csv
ECILC.csv,KMPUR.csv
ECILC.csv,TTKOM.csv
ECILC.csv,OTKAR.csv
ECILC.csv,EUPWR.csv
ECILC.csv,SOKM.csv
ECILC.csv,ALARK.csv
ECILC.csv,KORDS.csv
ECILC.csv,TTRAK.csv
ECILC.csv,CCOLA.csv
ECILC.csv,YEOTK.csv
VESTL.csv,EGEEN.csv
VESTL.csv,SISE.csv
VESTL.csv,EREGL.csv
VESTL.csv,VESBE.csv
VESTL.csv,PETKM.csv
VESTL.csv,AKFGY.csv
VESTL.csv,AKSEN.csv
VESTL.csv,GARAN.csv
VESTL.csv,AKFYE.csv
VESTL.csv,TKFEN.csv
VESTL.csv,ALFAS.csv
VESTL.csv,CANTE.csv
VESTL.csv,KLSER.csv
VESTL.csv,ARCLK.csv
VESTL.csv,MGROS.csv
VESTL.csv,ODAS.csv
VESTL.csv,SASA.csv
VESTL.csv,KRDMD.csv
VESTL.csv,AHGAZ.csv
VESTL.csv,TOASO.csv
VESTL.csv,AGESA.csv
VESTL.csv,CWENE.csv
VESTL.csv,AKBNK.csv
VESTL.csv,AKCNS.csv
VESTL.csv,EKGYO.csv
VESTL.csv,ISGYO.csv
VESTL.csv,THYAO.csv
VESTL.csv,PGSUS.csv
VESTL.csv,GOKNR.csv
VESTL.csv,TSKB.csv
VESTL.csv,ENTRA.csv
VESTL.csv,BRYAT.csv
VESTL.csv,DOAS.csv
VESTL.csv,A1CAP.csv
VESTL.csv,TAVHL.csv
VESTL.csv,AEFES.csv
VESTL.csv,SKBNK.csv
VESTL.csv,SAHOL.csv
VESTL.csv,CIMSA.csv
VESTL.csv,ISCTR.csv
VESTL.csv,BIOEN.csv
VESTL.csv,ULKER.csv
VESTL.csv,HEKTS.csv
VESTL.csv,OYAKC.csv
VESTL.csv,TUPRS.csv
VESTL.csv,KONTR.csv
VESTL.csv,BUCIM.csv
VESTL.csv,OBAMS.csv
VESTL.csv,FROTO.csv
VESTL.csv,YYLGD.csv
VESTL.csv,KZGYO.csv
VESTL.csv,AFYON.csv
VESTL.csv,KCAER.csv
VESTL.csv,GWIND.csv
VESTL.csv,ASTOR.csv
VESTL.csv,ANSGR.csv
VESTL.csv,ISMEN.csv
VESTL.csv,KAYSE.csv
VESTL.csv,ASELS.csv
VESTL.csv,DOHOL.csv
VESTL.csv,KCHOL.csv
VESTL.csv,ENKAI.csv
VESTL.csv,BERA.csv
VESTL.csv,AGROT.csv
VESTL.csv,BINHO.csv
VESTL.csv,MAVI.csv
VESTL.csv,HALKB.csv
VESTL.csv,ALBRK.csv
VESTL.csv,ARDYZ.csv
VESTL.csv,KMPUR.csv
VESTL.csv,TTKOM.csv
VESTL.csv,OTKAR.csv
VESTL.csv,EUPWR.csv
VESTL.csv,SOKM.csv
VESTL.csv,ALARK.csv
VESTL.csv,KORDS.csv
VESTL.csv,TTRAK.csv
VESTL.csv,CCOLA.csv
VESTL.csv,YEOTK.csv
EGEEN.csv,SISE.csv
EGEEN.csv,EREGL.csv
EGEEN.csv,VESBE.csv
EGEEN.csv,PETKM.csv
EGEEN.csv,AKFGY.csv
EGEEN.csv,AKSEN.csv
EGEEN.csv,GARAN.csv
EGEEN.csv,AKFYE.csv
EGEEN.csv,TKFEN.csv
EGEEN.csv,ALFAS.csv
EGEEN.csv,CANTE.csv
EGEEN.csv,KLSER.csv
EGEEN.csv,ARCLK.csv
EGEEN.csv,MGROS.csv
EGEEN.csv,ODAS.csv
EGEEN.csv,SASA.csv
EGEEN.csv,KRDMD.csv
EGEEN.csv,AHGAZ.csv
EGEEN.csv,TOASO.csv
EGEEN.csv,AGESA.csv
EGEEN.csv,CWENE.csv
EGEEN.csv,AKBNK.csv
EGEEN.csv,AKCNS.csv
EGEEN.csv,EKGYO.csv
EGEEN.csv,ISGYO.csv
EGEEN.csv,THYAO.csv
EGEEN.csv,PGSUS.csv
EGEEN.csv,GOKNR.csv
EGEEN.csv,TSKB.csv
EGEEN.csv,ENTRA.csv
EGEEN.csv,BRYAT.csv
EGEEN.csv,DOAS.csv
EGEEN.csv,A1CAP.csv
EGEEN.csv,TAVHL.csv
EGEEN.csv,AEFES.csv
EGEEN.csv,SKBNK.csv
EGEEN.csv,SAHOL.csv
EGEEN.csv,CIMSA.csv
EGEEN.csv,ISCTR.csv
EGEEN.csv,BIOEN.csv
EGEEN.csv,ULKER.csv
EGEEN.csv,HEKTS.csv
EGEEN.csv,OYAKC.csv
EGEEN.csv,TUPRS.csv
EGEEN.csv,KONTR.csv
EGEEN.csv,BUCIM.csv
EGEEN.csv,OBAMS.csv
EGEEN.csv,FROTO.csv
EGEEN.csv,YYLGD.csv
EGEEN.csv,KZGYO.csv
EGEEN.csv,AFYON.csv
EGEEN.csv,KCAER.csv
EGEEN.csv,GWIND.csv
EGEEN.csv,ASTOR.csv
EGEEN.csv,ANSGR.csv
EGEEN.csv,ISMEN.csv
EGEEN.csv,KAYSE.csv
EGEEN.csv,ASELS.csv
EGEEN.csv,DOHOL.csv
EGEEN.csv,KCHOL.csv
EGEEN.csv,ENKAI.csv
EGEEN.csv,BERA.csv
EGEEN.csv,AGROT.csv
EGEEN.csv,BINHO.csv
EGEEN.csv,MAVI.csv
EGEEN.csv,HALKB.csv
EGEEN.csv,ALBRK.csv
EGEEN.csv,ARDYZ.csv
EGEEN.csv,KMPUR.csv
EGEEN.csv,TTKOM.csv
EGEEN.csv,OTKAR.csv
EGEEN.csv,EUPWR.csv
EGEEN.csv,SOKM.csv
EGEEN.csv,ALARK.csv
EGEEN.csv,KORDS.csv
EGEEN.csv,TTRAK.csv
EGEEN.csv,CCOLA.csv
EGEEN.csv,YEOTK.csv
SISE.csv,EREGL.csv
SISE.csv,VESBE.csv
SISE.csv,PETKM.csv
SISE.csv,AKFGY.csv
SISE.csv,AKSEN.csv
SISE.csv,GARAN.csv
SISE.csv,AKFYE.csv
SISE.csv,TKFEN.csv
SISE.csv,ALFAS.csv
SISE.csv,CANTE.csv
SISE.csv,KLSER.csv
SISE.csv,ARCLK.csv
SISE.csv,MGROS.csv
SISE.csv,ODAS.csv
SISE.csv,SASA.csv
SISE.csv,KRDMD.csv
SISE.csv,AHGAZ.csv
SISE.csv,TOASO.csv
SISE.csv,AGESA.csv
SISE.csv,CWENE.csv
SISE.csv,AKBNK.csv
SISE.csv,AKCNS.csv
SISE.csv,EKGYO.csv
SISE.csv,ISGYO.csv
SISE.csv,THYAO.csv
SISE.csv,PGSUS.csv
SISE.csv,GOKNR.csv
SISE.csv,TSKB.csv
SISE.csv,ENTRA.csv
SISE.csv,BRYAT.csv
SISE.csv,DOAS.csv
SISE.csv,A1CAP.csv
SISE.csv,TAVHL.csv
SISE.csv,AEFES.csv
SISE.csv,SKBNK.csv
SISE.csv,SAHOL.csv
SISE.csv,CIMSA.csv
SISE.csv,ISCTR.csv
SISE.csv,BIOEN.csv
SISE.csv,ULKER.csv
SISE.csv,HEKTS.csv
SISE.csv,OYAKC.csv
SISE.csv,TUPRS.csv
SISE.csv,KONTR.csv
SISE.csv,BUCIM.csv
SISE.csv,OBAMS.csv
SISE.csv,FROTO.csv
SISE.csv,YYLGD.csv
SISE.csv,KZGYO.csv
SISE.csv,AFYON.csv
SISE.csv,KCAER.csv
SISE.csv,GWIND.csv
SISE.csv,ASTOR.csv
SISE.csv,ANSGR.csv
SISE.csv,ISMEN.csv
SISE.csv,KAYSE.csv
SISE.csv,ASELS.csv
SISE.csv,DOHOL.csv
SISE.csv,KCHOL.csv
SISE.csv,ENKAI.csv
SISE.csv,BERA.csv
SISE.csv,AGROT.csv
SISE.csv,BINHO.csv
SISE.csv,MAVI.csv
SISE.csv,HALKB.csv
SISE.csv,ALBRK.csv
SISE.csv,ARDYZ.csv
SISE.csv,KMPUR.csv
SISE.csv,TTKOM.csv
SISE.csv,OTKAR.csv
SISE.csv,EUPWR.csv
SISE.csv,SOKM.csv
SISE.csv,ALARK.csv
SISE.csv,KORDS.csv
SISE.csv,TTRAK.csv
SISE.csv,CCOLA.csv
SISE.csv,YEOTK.csv
EREGL.csv,VESBE.csv
EREGL.csv,PETKM.csv
EREGL.csv,AKFGY.csv
EREGL.csv,AKSEN.csv
EREGL.csv,GARAN.csv
EREGL.csv,AKFYE.csv
EREGL.csv,TKFEN.csv
EREGL.csv,ALFAS.csv
EREGL.csv,CANTE.csv
EREGL.csv,KLSER.csv
EREGL.csv,ARCLK.csv
EREGL.csv,MGROS.csv
EREGL.csv,ODAS.csv
EREGL.csv,SASA.csv
EREGL.csv,KRDMD.csv
EREGL.csv,AHGAZ.csv
EREGL.csv,TOASO.csv
EREGL.csv,AGESA.csv
EREGL.csv,CWENE.csv
EREGL.csv,AKBNK.csv
EREGL.csv,AKCNS.csv
EREGL.csv,EKGYO.csv
EREGL.csv,ISGYO.csv
EREGL.csv,THYAO.csv
EREGL.csv,PGSUS.csv
EREGL.csv,GOKNR.csv
EREGL.csv,TSKB.csv
EREGL.csv,ENTRA.csv
EREGL.csv,BRYAT.csv
EREGL.csv,DOAS.csv
EREGL.csv,A1CAP.csv
EREGL.csv,TAVHL.csv
EREGL.csv,AEFES.csv
EREGL.csv,SKBNK.csv
EREGL.csv,SAHOL.csv
EREGL.csv,CIMSA.csv
EREGL.csv,ISCTR.csv
EREGL.csv,BIOEN.csv
EREGL.csv,ULKER.csv
EREGL.csv,HEKTS.csv
EREGL.csv,OYAKC.csv
EREGL.csv,TUPRS.csv
EREGL.csv,KONTR.csv
EREGL.csv,BUCIM.csv
EREGL.csv,OBAMS.csv
EREGL.csv,FROTO.csv
EREGL.csv,YYLGD.csv
EREGL.csv,KZGYO.csv
EREGL.csv,AFYON.csv
EREGL.csv,KCAER.csv
EREGL.csv,GWIND.csv
EREGL.csv,ASTOR.csv
EREGL.csv,ANSGR.csv
EREGL.csv,ISMEN.csv
EREGL.csv,KAYSE.csv
EREGL.csv,ASELS.csv
EREGL.csv,DOHOL.csv
EREGL.csv,KCHOL.csv
EREGL.csv,ENKAI.csv
EREGL.csv,BERA.csv
EREGL.csv,AGROT.csv
EREGL.csv,BINHO.csv
EREGL.csv,MAVI.csv
EREGL.csv,HALKB.csv
EREGL.csv,ALBRK.csv
EREGL.csv,ARDYZ.csv
EREGL.csv,KMPUR.csv
EREGL.csv,TTKOM.csv
EREGL.csv,OTKAR.csv
EREGL.csv,EUPWR.csv
EREGL.csv,SOKM.csv
EREGL.csv,ALARK.csv
EREGL.csv,KORDS.csv
EREGL.csv,TTRAK.csv
EREGL.csv,CCOLA.csv
EREGL.csv,YEOTK.csv
VESBE.csv,PETKM.csv
VESBE.csv,AKFGY.csv
VESBE.csv,AKSEN.csv
VESBE.csv,GARAN.csv
VESBE.csv,AKFYE.csv
VESBE.csv,TKFEN.csv
VESBE.csv,ALFAS.csv
VESBE.csv,CANTE.csv
VESBE.csv,KLSER.csv
VESBE.csv,ARCLK.csv
VESBE.csv,MGROS.csv
VESBE.csv,ODAS.csv
VESBE.csv,SASA.csv
VESBE.csv,KRDMD.csv
VESBE.csv,AHGAZ.csv
VESBE.csv,TOASO.csv
VESBE.csv,AGESA.csv
VESBE.csv,CWENE.csv
VESBE.csv,AKBNK.csv
VESBE.csv,AKCNS.csv
VESBE.csv,EKGYO.csv
VESBE.csv,ISGYO.csv
VESBE.csv,THYAO.csv
VESBE.csv,PGSUS.csv
VESBE.csv,GOKNR.csv
VESBE.csv,TSKB.csv
VESBE.csv,ENTRA.csv
VESBE.csv,BRYAT.csv
VESBE.csv,DOAS.csv
VESBE.csv,A1CAP.csv
VESBE.csv,TAVHL.csv
VESBE.csv,AEFES.csv
VESBE.csv,SKBNK.csv
VESBE.csv,SAHOL.csv
VESBE.csv,CIMSA.csv
VESBE.csv,ISCTR.csv
VESBE.csv,BIOEN.csv
VESBE.csv,ULKER.csv
VESBE.csv,HEKTS.csv
VESBE.csv,OYAKC.csv
VESBE.csv,TUPRS.csv
VESBE.csv,KONTR.csv
VESBE.csv,BUCIM.csv
VESBE.csv,OBAMS.csv
VESBE.csv,FROTO.csv
VESBE.csv,YYLGD.csv
VESBE.csv,KZGYO.csv
VESBE.csv,AFYON.csv
VESBE.csv,KCAER.csv
VESBE.csv,GWIND.csv
VESBE.csv,ASTOR.csv
VESBE.csv,ANSGR.csv
VESBE.csv,ISMEN.csv
VESBE.csv,KAYSE.csv
VESBE.csv,ASELS.csv
VESBE.csv,DOHOL.csv
VESBE.csv,KCHOL.csv
VESBE.csv,ENKAI.csv
VESBE.csv,BERA.csv
VESBE.csv,AGROT.csv
VESBE.csv,BINHO.csv
VESBE.csv,MAVI.csv
VESBE.csv,HALKB.csv
VESBE.csv,ALBRK.csv
VESBE.csv,ARDYZ.csv
VESBE.csv,KMPUR.csv
VESBE.csv,TTKOM.csv
VESBE.csv,OTKAR.csv
VESBE.csv,EUPWR.csv
VESBE.csv,SOKM.csv
VESBE.csv,ALARK.csv
VESBE.csv,KORDS.csv
VESBE.csv,TTRAK.csv
VESBE.csv,CCOLA.csv
VESBE.csv,YEOTK.csv
PETKM.csv,AKFGY.csv
PETKM.csv,AKSEN.csv
PETKM.csv,GARAN.csv
PETKM.csv,AKFYE.csv
PETKM.csv,TKFEN.csv
PETKM.csv,ALFAS.csv
PETKM.csv,CANTE.csv
PETKM.csv,KLSER.csv
PETKM.csv,ARCLK.csv
PETKM.csv,MGROS.csv
PETKM.csv,ODAS.csv
PETKM.csv,SASA.csv
PETKM.csv,KRDMD.csv
PETKM.csv,AHGAZ.csv
PETKM.csv,TOASO.csv
PETKM.csv,AGESA.csv
PETKM.csv,CWENE.csv
PETKM.csv,AKBNK.csv
PETKM.csv,AKCNS.csv
PETKM.csv,EKGYO.csv
PETKM.csv,ISGYO.csv
PETKM.csv,THYAO.csv
PETKM.csv,PGSUS.csv
PETKM.csv,GOKNR.csv
PETKM.csv,TSKB.csv
PETKM.csv,ENTRA.csv
PETKM.csv,BRYAT.csv
PETKM.csv,DOAS.csv
PETKM.csv,A1CAP.csv
PETKM.csv,TAVHL.csv
PETKM.csv,AEFES.csv
PETKM.csv,SKBNK.csv
PETKM.csv,SAHOL.csv
PETKM.csv,CIMSA.csv
PETKM.csv,ISCTR.csv
PETKM.csv,BIOEN.csv
PETKM.csv,ULKER.csv
PETKM.csv,HEKTS.csv
PETKM.csv,OYAKC.csv
PETKM.csv,TUPRS.csv
PETKM.csv,KONTR.csv
PETKM.csv,BUCIM.csv
PETKM.csv,OBAMS.csv
PETKM.csv,FROTO.csv
PETKM.csv,YYLGD.csv
PETKM.csv,KZGYO.csv
PETKM.csv,AFYON.csv
PETKM.csv,KCAER.csv
PETKM.csv,GWIND.csv
PETKM.csv,ASTOR.csv
PETKM.csv,ANSGR.csv
PETKM.csv,ISMEN.csv
PETKM.csv,KAYSE.csv
PETKM.csv,ASELS.csv
PETKM.csv,DOHOL.csv
PETKM.csv,KCHOL.csv
PETKM.csv,ENKAI.csv
PETKM.csv,BERA.csv
PETKM.csv,AGROT.csv
PETKM.csv,BINHO.csv
PETKM.csv,MAVI.csv
PETKM.csv,HALKB.csv
PETKM.csv,ALBRK.csv
PETKM.csv,ARDYZ.csv
PETKM.csv,KMPUR.csv
PETKM.csv,TTKOM.csv
PETKM.csv,OTKAR.csv
PETKM.csv,EUPWR.csv
PETKM.csv,SOKM.csv
PETKM.csv,ALARK.csv
PETKM.csv,KORDS.csv
PETKM.csv,TTRAK.csv
PETKM.csv,CCOLA.csv
PETKM.csv,YEOTK.csv
AKFGY.csv,AKSEN.csv
AKFGY.csv,GARAN.csv
AKFGY.csv,AKFYE.csv
AKFGY.csv,TKFEN.csv
AKFGY.csv,ALFAS.csv
AKFGY.csv,CANTE.csv
AKFGY.csv,KLSER.csv
AKFGY.csv,ARCLK.csv
AKFGY.csv,MGROS.csv
AKFGY.csv,ODAS.csv
AKFGY.csv,SASA.csv
AKFGY.csv,KRDMD.csv
AKFGY.csv,AHGAZ.csv
AKFGY.csv,TOASO.csv
AKFGY.csv,AGESA.csv
AKFGY.csv,CWENE.csv
AKFGY.csv,AKBNK.csv
AKFGY.csv,AKCNS.csv
AKFGY.csv,EKGYO.csv
AKFGY.csv,ISGYO.csv
AKFGY.csv,THYAO.csv
AKFGY.csv,PGSUS.csv
AKFGY.csv,GOKNR.csv
AKFGY.csv,TSKB.csv
AKFGY.csv,ENTRA.csv
AKFGY.csv,BRYAT.csv
AKFGY.csv,DOAS.csv
AKFGY.csv,A1CAP.csv
AKFGY.csv,TAVHL.csv
AKFGY.csv,AEFES.csv
AKFGY.csv,SKBNK.csv
AKFGY.csv,SAHOL.csv
AKFGY.csv,CIMSA.csv
AKFGY.csv,ISCTR.csv
AKFGY.csv,BIOEN.csv
AKFGY.csv,ULKER.csv
AKFGY.csv,HEKTS.csv
AKFGY.csv,OYAKC.csv
AKFGY.csv,TUPRS.csv
AKFGY.csv,KONTR.csv
AKFGY.csv,BUCIM.csv
AKFGY.csv,OBAMS.csv
AKFGY.csv,FROTO.csv
AKFGY.csv,YYLGD.csv
AKFGY.csv,KZGYO.csv
AKFGY.csv,AFYON.csv
AKFGY.csv,KCAER.csv
AKFGY.csv,GWIND.csv
AKFGY.csv,ASTOR.csv
AKFGY.csv,ANSGR.csv
AKFGY.csv,ISMEN.csv
AKFGY.csv,KAYSE.csv
AKFGY.csv,ASELS.csv
AKFGY.csv,DOHOL.csv
AKFGY.csv,KCHOL.csv
AKFGY.csv,ENKAI.csv
AKFGY.csv,BERA.csv
AKFGY.csv,AGROT.csv
AKFGY.csv,BINHO.csv
AKFGY.csv,MAVI.csv
AKFGY.csv,HALKB.csv
AKFGY.csv,ALBRK.csv
AKFGY.csv,ARDYZ.csv
AKFGY.csv,KMPUR.csv
AKFGY.csv,TTKOM.csv
AKFGY.csv,OTKAR.csv
AKFGY.csv,EUPWR.csv
AKFGY.csv,SOKM.csv
AKFGY.csv,ALARK.csv
AKFGY.csv,KORDS.csv
AKFGY.csv,TTRAK.csv
AKFGY.csv,CCOLA.csv
AKFGY.csv,YEOTK.csv
AKSEN.csv,GARAN.csv
AKSEN.csv,AKFYE.csv
AKSEN.csv,TKFEN.csv
AKSEN.csv,ALFAS.csv
AKSEN.csv,CANTE.csv
AKSEN.csv,KLSER.csv
AKSEN.csv,ARCLK.csv
AKSEN.csv,MGROS.csv
AKSEN.csv,ODAS.csv
AKSEN.csv,SASA.csv
AKSEN.csv,KRDMD.csv
AKSEN.csv,AHGAZ.csv
AKSEN.csv,TOASO.csv
AKSEN.csv,AGESA.csv
AKSEN.csv,CWENE.csv
AKSEN.csv,AKBNK.csv
AKSEN.csv,AKCNS.csv
AKSEN.csv,EKGYO.csv
AKSEN.csv,ISGYO.csv
AKSEN.csv,THYAO.csv
AKSEN.csv,PGSUS.csv
AKSEN.csv,GOKNR.csv
AKSEN.csv,TSKB.csv
AKSEN.csv,ENTRA.csv
AKSEN.csv,BRYAT.csv
AKSEN.csv,DOAS.csv
AKSEN.csv,A1CAP.csv
AKSEN.csv,TAVHL.csv
AKSEN.csv,AEFES.csv
AKSEN.csv,SKBNK.csv
AKSEN.csv,SAHOL.csv
AKSEN.csv,CIMSA.csv
AKSEN.csv,ISCTR.csv
AKSEN.csv,BIOEN.csv
AKSEN.csv,ULKER.csv
AKSEN.csv,HEKTS.csv
AKSEN.csv,OYAKC.csv
AKSEN.csv,TUPRS.csv
AKSEN.csv,KONTR.csv
AKSEN.csv,BUCIM.csv
AKSEN.csv,OBAMS.csv
AKSEN.csv,FROTO.csv
AKSEN.csv,YYLGD.csv
AKSEN.csv,KZGYO.csv
AKSEN.csv,AFYON.csv
AKSEN.csv,KCAER.csv
AKSEN.csv,GWIND.csv
AKSEN.csv,ASTOR.csv
AKSEN.csv,ANSGR.csv
AKSEN.csv,ISMEN.csv
AKSEN.csv,KAYSE.csv
AKSEN.csv,ASELS.csv
AKSEN.csv,DOHOL.csv
AKSEN.csv,KCHOL.csv
AKSEN.csv,ENKAI.csv
AKSEN.csv,BERA.csv
AKSEN.csv,AGROT.csv
AKSEN.csv,BINHO.csv
AKSEN.csv,MAVI.csv
AKSEN.csv,HALKB.csv
AKSEN.csv,ALBRK.csv
AKSEN.csv,ARDYZ.csv
AKSEN.csv,KMPUR.csv
AKSEN.csv,TTKOM.csv
AKSEN.csv,OTKAR.csv
AKSEN.csv,EUPWR.csv
AKSEN.csv,SOKM.csv
AKSEN.csv,ALARK.csv
AKSEN.csv,KORDS.csv
AKSEN.csv,TTRAK.csv
AKSEN.csv,CCOLA.csv
AKSEN.csv,YEOTK.csv
GARAN.csv,AKFYE.csv
GARAN.csv,TKFEN.csv
GARAN.csv,ALFAS.csv
GARAN.csv,CANTE.csv
GARAN.csv,KLSER.csv
GARAN.csv,ARCLK.csv
GARAN.csv,MGROS.csv
GARAN.csv,ODAS.csv
GARAN.csv,SASA.csv
GARAN.csv,KRDMD.csv
GARAN.csv,AHGAZ.csv
GARAN.csv,TOASO.csv
GARAN.csv,AGESA.csv
GARAN.csv,CWENE.csv
GARAN.csv,AKBNK.csv
GARAN.csv,AKCNS.csv
GARAN.csv,EKGYO.csv
GARAN.csv,ISGYO.csv
GARAN.csv,THYAO.csv
GARAN.csv,PGSUS.csv
GARAN.csv,GOKNR.csv
GARAN.csv,TSKB.csv
GARAN.csv,ENTRA.csv
GARAN.csv,BRYAT.csv
GARAN.csv,DOAS.csv
GARAN.csv,A1CAP.csv
GARAN.csv,TAVHL.csv
GARAN.csv,AEFES.csv
GARAN.csv,SKBNK.csv
GARAN.csv,SAHOL.csv
GARAN.csv,CIMSA.csv
GARAN.csv,ISCTR.csv
GARAN.csv,BIOEN.csv
GARAN.csv,ULKER.csv
GARAN.csv,HEKTS.csv
GARAN.csv,OYAKC.csv
GARAN.csv,TUPRS.csv
GARAN.csv,KONTR.csv
GARAN.csv,BUCIM.csv
GARAN.csv,OBAMS.csv
GARAN.csv,FROTO.csv
GARAN.csv,YYLGD.csv
GARAN.csv,KZGYO.csv
GARAN.csv,AFYON.csv
GARAN.csv,KCAER.csv
GARAN.csv,GWIND.csv
GARAN.csv,ASTOR.csv
GARAN.csv,ANSGR.csv
GARAN.csv,ISMEN.csv
GARAN.csv,KAYSE.csv
GARAN.csv,ASELS.csv
GARAN.csv,DOHOL.csv
GARAN.csv,KCHOL.csv
GARAN.csv,ENKAI.csv
GARAN.csv,BERA.csv
GARAN.csv,AGROT.csv
GARAN.csv,BINHO.csv
GARAN.csv,MAVI.csv
GARAN.csv,HALKB.csv
GARAN.csv,ALBRK.csv
GARAN.csv,ARDYZ.csv
GARAN.csv,KMPUR.csv
GARAN.csv,TTKOM.csv
GARAN.csv,OTKAR.csv
GARAN.csv,EUPWR.csv
GARAN.csv,SOKM.csv
GARAN.csv,ALARK.csv
GARAN.csv,KORDS.csv
GARAN.csv,TTRAK.csv
GARAN.csv,CCOLA.csv
GARAN.csv,YEOTK.csv
AKFYE.csv,TKFEN.csv
AKFYE.csv,ALFAS.csv
AKFYE.csv,CANTE.csv
AKFYE.csv,KLSER.csv
AKFYE.csv,ARCLK.csv
AKFYE.csv,MGROS.csv
AKFYE.csv,ODAS.csv
AKFYE.csv,SASA.csv
AKFYE.csv,KRDMD.csv
AKFYE.csv,AHGAZ.csv
AKFYE.csv,TOASO.csv
AKFYE.csv,AGESA.csv
AKFYE.csv,CWENE.csv
AKFYE.csv,AKBNK.csv
AKFYE.csv,AKCNS.csv
AKFYE.csv,EKGYO.csv
AKFYE.csv,ISGYO.csv
AKFYE.csv,THYAO.csv
AKFYE.csv,PGSUS.csv
AKFYE.csv,GOKNR.csv
AKFYE.csv,TSKB.csv
AKFYE.csv,ENTRA.csv
AKFYE.csv,BRYAT.csv
AKFYE.csv,DOAS.csv
AKFYE.csv,A1CAP.csv
AKFYE.csv,TAVHL.csv
AKFYE.csv,AEFES.csv
AKFYE.csv,SKBNK.csv
AKFYE.csv,SAHOL.csv
AKFYE.csv,CIMSA.csv
AKFYE.csv,ISCTR.csv
AKFYE.csv,BIOEN.csv
AKFYE.csv,ULKER.csv
AKFYE.csv,HEKTS.csv
AKFYE.csv,OYAKC.csv
AKFYE.csv,TUPRS.csv
AKFYE.csv,KONTR.csv
AKFYE.csv,BUCIM.csv
AKFYE.csv,OBAMS.csv
AKFYE.csv,FROTO.csv
AKFYE.csv,YYLGD.csv
AKFYE.csv,KZGYO.csv
AKFYE.csv,AFYON.csv
AKFYE.csv,KCAER.csv
AKFYE.csv,GWIND.csv
AKFYE.csv,ASTOR.csv
AKFYE.csv,ANSGR.csv
AKFYE.csv,ISMEN.csv
AKFYE.csv,KAYSE.csv
AKFYE.csv,ASELS.csv
AKFYE.csv,DOHOL.csv
AKFYE.csv,KCHOL.csv
AKFYE.csv,ENKAI.csv
AKFYE.csv,BERA.csv
AKFYE.csv,AGROT.csv
AKFYE.csv,BINHO.csv
AKFYE.csv,MAVI.csv
AKFYE.csv,HALKB.csv
AKFYE.csv,ALBRK.csv
AKFYE.csv,ARDYZ.csv
AKFYE.csv,KMPUR.csv
AKFYE.csv,TTKOM.csv
AKFYE.csv,OTKAR.csv
AKFYE.csv,EUPWR.csv
AKFYE.csv,SOKM.csv
AKFYE.csv,ALARK.csv
AKFYE.csv,KORDS.csv
AKFYE.csv,TTRAK.csv
AKFYE.csv,CCOLA.csv
AKFYE.csv,YEOTK.csv
TKFEN.csv,ALFAS.csv
TKFEN.csv,CANTE.csv
TKFEN.csv,KLSER.csv
TKFEN.csv,ARCLK.csv
TKFEN.csv,MGROS.csv
TKFEN.csv,ODAS.csv
TKFEN.csv,SASA.csv
TKFEN.csv,KRDMD.csv
TKFEN.csv,AHGAZ.csv
TKFEN.csv,TOASO.csv
TKFEN.csv,AGESA.csv
TKFEN.csv,CWENE.csv
TKFEN.csv,AKBNK.csv
TKFEN.csv,AKCNS.csv
TKFEN.csv,EKGYO.csv
TKFEN.csv,ISGYO.csv
TKFEN.csv,THYAO.csv
TKFEN.csv,PGSUS.csv
TKFEN.csv,GOKNR.csv
TKFEN.csv,TSKB.csv
TKFEN.csv,ENTRA.csv
TKFEN.csv,BRYAT.csv
TKFEN.csv,DOAS.csv
TKFEN.csv,A1CAP.csv
TKFEN.csv,TAVHL.csv
TKFEN.csv,AEFES.csv
TKFEN.csv,SKBNK.csv
TKFEN.csv,SAHOL.csv
TKFEN.csv,CIMSA.csv
TKFEN.csv,ISCTR.csv
TKFEN.csv,BIOEN.csv
TKFEN.csv,ULKER.csv
TKFEN.csv,HEKTS.csv
TKFEN.csv,OYAKC.csv
TKFEN.csv,TUPRS.csv
TKFEN.csv,KONTR.csv
TKFEN.csv,BUCIM.csv
TKFEN.csv,OBAMS.csv
TKFEN.csv,FROTO.csv
TKFEN.csv,YYLGD.csv
TKFEN.csv,KZGYO.csv
TKFEN.csv,AFYON.csv
TKFEN.csv,KCAER.csv
TKFEN.csv,GWIND.csv
TKFEN.csv,ASTOR.csv
TKFEN.csv,ANSGR.csv
TKFEN.csv,ISMEN.csv
TKFEN.csv,KAYSE.csv
TKFEN.csv,ASELS.csv
TKFEN.csv,DOHOL.csv
TKFEN.csv,KCHOL.csv
TKFEN.csv,ENKAI.csv
TKFEN.csv,BERA.csv
TKFEN.csv,AGROT.csv
TKFEN.csv,BINHO.csv
TKFEN.csv,MAVI.csv
TKFEN.csv,HALKB.csv
TKFEN.csv,ALBRK.csv
TKFEN.csv,ARDYZ.csv
TKFEN.csv,KMPUR.csv
TKFEN.csv,TTKOM.csv
TKFEN.csv,OTKAR.csv
TKFEN.csv,EUPWR.csv
TKFEN.csv,SOKM.csv
TKFEN.csv,ALARK.csv
TKFEN.csv,KORDS.csv
TKFEN.csv,TTRAK.csv
TKFEN.csv,CCOLA.csv
TKFEN.csv,YEOTK.csv
ALFAS.csv,CANTE.csv
ALFAS.csv,KLSER.csv
ALFAS.csv,ARCLK.csv
ALFAS.csv,MGROS.csv
ALFAS.csv,ODAS.csv
ALFAS.csv,SASA.csv
ALFAS.csv,KRDMD.csv
ALFAS.csv,AHGAZ.csv
ALFAS.csv,TOASO.csv
ALFAS.csv,AGESA.csv
ALFAS.csv,CWENE.csv
ALFAS.csv,AKBNK.csv
ALFAS.csv,AKCNS.csv
ALFAS.csv,EKGYO.csv
ALFAS.csv,ISGYO.csv
ALFAS.csv,THYAO.csv
ALFAS.csv,PGSUS.csv
ALFAS.csv,GOKNR.csv
ALFAS.csv,TSKB.csv
ALFAS.csv,ENTRA.csv
ALFAS.csv,BRYAT.csv
ALFAS.csv,DOAS.csv
ALFAS.csv,A1CAP.csv
ALFAS.csv,TAVHL.csv
ALFAS.csv,AEFES.csv
ALFAS.csv,SKBNK.csv
ALFAS.csv,SAHOL.csv
ALFAS.csv,CIMSA.csv
ALFAS.csv,ISCTR.csv
ALFAS.csv,BIOEN.csv
ALFAS.csv,ULKER.csv
ALFAS.csv,HEKTS.csv
ALFAS.csv,OYAKC.csv
ALFAS.csv,TUPRS.csv
ALFAS.csv,KONTR.csv
ALFAS.csv,BUCIM.csv
ALFAS.csv,OBAMS.csv
ALFAS.csv,FROTO.csv
ALFAS.csv,YYLGD.csv
ALFAS.csv,KZGYO.csv
ALFAS.csv,AFYON.csv
ALFAS.csv,KCAER.csv
ALFAS.csv,GWIND.csv
ALFAS.csv,ASTOR.csv
ALFAS.csv,ANSGR.csv
ALFAS.csv,ISMEN.csv
ALFAS.csv,KAYSE.csv
ALFAS.csv,ASELS.csv
ALFAS.csv,DOHOL.csv
ALFAS.csv,KCHOL.csv
ALFAS.csv,ENKAI.csv
ALFAS.csv,BERA.csv
ALFAS.csv,AGROT.csv
ALFAS.csv,BINHO.csv
ALFAS.csv,MAVI.csv
ALFAS.csv,HALKB.csv
ALFAS.csv,ALBRK.csv
ALFAS.csv,ARDYZ.csv
ALFAS.csv,KMPUR.csv
ALFAS.csv,TTKOM.csv
ALFAS.csv,OTKAR.csv
ALFAS.csv,EUPWR.csv
ALFAS.csv,SOKM.csv
ALFAS.csv,ALARK.csv
ALFAS.csv,KORDS.csv
ALFAS.csv,TTRAK.csv
ALFAS.csv,CCOLA.csv
ALFAS.csv,YEOTK.csv
CANTE.csv,KLSER.csv
CANTE.csv,ARCLK.csv
CANTE.csv,MGROS.csv
CANTE.csv,ODAS.csv
CANTE.csv,SASA.csv
CANTE.csv,KRDMD.csv
CANTE.csv,AHGAZ.csv
CANTE.csv,TOASO.csv
CANTE.csv,AGESA.csv
CANTE.csv,CWENE.csv
CANTE.csv,AKBNK.csv
CANTE.csv,AKCNS.csv
CANTE.csv,EKGYO.csv
CANTE.csv,ISGYO.csv
CANTE.csv,THYAO.csv
CANTE.csv,PGSUS.csv
CANTE.csv,GOKNR.csv
CANTE.csv,TSKB.csv
CANTE.csv,ENTRA.csv
CANTE.csv,BRYAT.csv
CANTE.csv,DOAS.csv
CANTE.csv,A1CAP.csv
CANTE.csv,TAVHL.csv
CANTE.csv,AEFES.csv
CANTE.csv,SKBNK.csv
CANTE.csv,SAHOL.csv
CANTE.csv,CIMSA.csv
CANTE.csv,ISCTR.csv
CANTE.csv,BIOEN.csv
CANTE.csv,ULKER.csv
CANTE.csv,HEKTS.csv
CANTE.csv,OYAKC.csv
CANTE.csv,TUPRS.csv
CANTE.csv,KONTR.csv
CANTE.csv,BUCIM.csv
CANTE.csv,OBAMS.csv
CANTE.csv,FROTO.csv
CANTE.csv,YYLGD.csv
CANTE.csv,KZGYO.csv
CANTE.csv,AFYON.csv
CANTE.csv,KCAER.csv
CANTE.csv,GWIND.csv
CANTE.csv,ASTOR.csv
CANTE.csv,ANSGR.csv
CANTE.csv,ISMEN.csv
CANTE.csv,KAYSE.csv
CANTE.csv,ASELS.csv
CANTE.csv,DOHOL.csv
CANTE.csv,KCHOL.csv
CANTE.csv,ENKAI.csv
CANTE.csv,BERA.csv
CANTE.csv,AGROT.csv
CANTE.csv,BINHO.csv
CANTE.csv,MAVI.csv
CANTE.csv,HALKB.csv
CANTE.csv,ALBRK.csv
CANTE.csv,ARDYZ.csv
CANTE.csv,KMPUR.csv
CANTE.csv,TTKOM.csv
CANTE.csv,OTKAR.csv
CANTE.csv,EUPWR.csv
CANTE.csv,SOKM.csv
CANTE.csv,ALARK.csv
CANTE.csv,KORDS.csv
CANTE.csv,TTRAK.csv
CANTE.csv,CCOLA.csv
CANTE.csv,YEOTK.csv
KLSER.csv,ARCLK.csv
KLSER.csv,MGROS.csv
KLSER.csv,ODAS.csv
KLSER.csv,SASA.csv
KLSER.csv,KRDMD.csv
KLSER.csv,AHGAZ.csv
KLSER.csv,TOASO.csv
KLSER.csv,AGESA.csv
KLSER.csv,CWENE.csv
KLSER.csv,AKBNK.csv
KLSER.csv,AKCNS.csv
KLSER.csv,EKGYO.csv
KLSER.csv,ISGYO.csv
KLSER.csv,THYAO.csv
KLSER.csv,PGSUS.csv
KLSER.csv,GOKNR.csv
KLSER.csv,TSKB.csv
KLSER.csv,ENTRA.csv
KLSER.csv,BRYAT.csv
KLSER.csv,DOAS.csv
KLSER.csv,A1CAP.csv
KLSER.csv,TAVHL.csv
KLSER.csv,AEFES.csv
KLSER.csv,SKBNK.csv
KLSER.csv,SAHOL.csv
KLSER.csv,CIMSA.csv
KLSER.csv,ISCTR.csv
KLSER.csv,BIOEN.csv
KLSER.csv,ULKER.csv
KLSER.csv,HEKTS.csv
KLSER.csv,OYAKC.csv
KLSER.csv,TUPRS.csv
KLSER.csv,KONTR.csv
KLSER.csv,BUCIM.csv
KLSER.csv,OBAMS.csv
KLSER.csv,FROTO.csv
KLSER.csv,YYLGD.csv
KLSER.csv,KZGYO.csv
KLSER.csv,AFYON.csv
KLSER.csv,KCAER.csv
KLSER.csv,GWIND.csv
KLSER.csv,ASTOR.csv
KLSER.csv,ANSGR.csv
KLSER.csv,ISMEN.csv
KLSER.csv,KAYSE.csv
KLSER.csv,ASELS.csv
KLSER.csv,DOHOL.csv
KLSER.csv,KCHOL.csv
KLSER.csv,ENKAI.csv
KLSER.csv,BERA.csv
KLSER.csv,AGROT.csv
KLSER.csv,BINHO.csv
KLSER.csv,MAVI.csv
KLSER.csv,HALKB.csv
KLSER.csv,ALBRK.csv
KLSER.csv,ARDYZ.csv
KLSER.csv,KMPUR.csv
KLSER.csv,TTKOM.csv
KLSER.csv,OTKAR.csv
KLSER.csv,EUPWR.csv
KLSER.csv,SOKM.csv
KLSER.csv,ALARK.csv
KLSER.csv,KORDS.csv
KLSER.csv,TTRAK.csv
KLSER.csv,CCOLA.csv
KLSER.csv,YEOTK.csv
ARCLK.csv,MGROS.csv
ARCLK.csv,ODAS.csv
ARCLK.csv,SASA.csv
ARCLK.csv,KRDMD.csv
ARCLK.csv,AHGAZ.csv
ARCLK.csv,TOASO.csv
ARCLK.csv,AGESA.csv
ARCLK.csv,CWENE.csv
ARCLK.csv,AKBNK.csv
ARCLK.csv,AKCNS.csv
ARCLK.csv,EKGYO.csv
ARCLK.csv,ISGYO.csv
ARCLK.csv,THYAO.csv
ARCLK.csv,PGSUS.csv
ARCLK.csv,GOKNR.csv
ARCLK.csv,TSKB.csv
ARCLK.csv,ENTRA.csv
ARCLK.csv,BRYAT.csv
ARCLK.csv,DOAS.csv
ARCLK.csv,A1CAP.csv
ARCLK.csv,TAVHL.csv
ARCLK.csv,AEFES.csv
ARCLK.csv,SKBNK.csv
ARCLK.csv,SAHOL.csv
ARCLK.csv,CIMSA.csv
ARCLK.csv,ISCTR.csv
ARCLK.csv,BIOEN.csv
ARCLK.csv,ULKER.csv
ARCLK.csv,HEKTS.csv
ARCLK.csv,OYAKC.csv
ARCLK.csv,TUPRS.csv
ARCLK.csv,KONTR.csv
ARCLK.csv,BUCIM.csv
ARCLK.csv,OBAMS.csv
ARCLK.csv,FROTO.csv
ARCLK.csv,YYLGD.csv
ARCLK.csv,KZGYO.csv
ARCLK.csv,AFYON.csv
ARCLK.csv,KCAER.csv
ARCLK.csv,GWIND.csv
ARCLK.csv,ASTOR.csv
ARCLK.csv,ANSGR.csv
ARCLK.csv,ISMEN.csv
ARCLK.csv,KAYSE.csv
ARCLK.csv,ASELS.csv
ARCLK.csv,DOHOL.csv
ARCLK.csv,KCHOL.csv
ARCLK.csv,ENKAI.csv
ARCLK.csv,BERA.csv
ARCLK.csv,AGROT.csv
ARCLK.csv,BINHO.csv
ARCLK.csv,MAVI.csv
ARCLK.csv,HALKB.csv
ARCLK.csv,ALBRK.csv
ARCLK.csv,ARDYZ.csv
ARCLK.csv,KMPUR.csv
ARCLK.csv,TTKOM.csv
ARCLK.csv,OTKAR.csv
ARCLK.csv,EUPWR.csv
ARCLK.csv,SOKM.csv
ARCLK.csv,ALARK.csv
ARCLK.csv,KORDS.csv
ARCLK.csv,TTRAK.csv
ARCLK.csv,CCOLA.csv
ARCLK.csv,YEOTK.csv
MGROS.csv,ODAS.csv
MGROS.csv,SASA.csv
MGROS.csv,KRDMD.csv
MGROS.csv,AHGAZ.csv
MGROS.csv,TOASO.csv
MGROS.csv,AGESA.csv
MGROS.csv,CWENE.csv
MGROS.csv,AKBNK.csv
MGROS.csv,AKCNS.csv
MGROS.csv,EKGYO.csv
MGROS.csv,ISGYO.csv
MGROS.csv,THYAO.csv
MGROS.csv,PGSUS.csv
MGROS.csv,GOKNR.csv
MGROS.csv,TSKB.csv
MGROS.csv,ENTRA.csv
MGROS.csv,BRYAT.csv
MGROS.csv,DOAS.csv
MGROS.csv,A1CAP.csv
MGROS.csv,TAVHL.csv
MGROS.csv,AEFES.csv
MGROS.csv,SKBNK.csv
MGROS.csv,SAHOL.csv
MGROS.csv,CIMSA.csv
MGROS.csv,ISCTR.csv
MGROS.csv,BIOEN.csv
MGROS.csv,ULKER.csv
MGROS.csv,HEKTS.csv
MGROS.csv,OYAKC.csv
MGROS.csv,TUPRS.csv
MGROS.csv,KONTR.csv
MGROS.csv,BUCIM.csv
MGROS.csv,OBAMS.csv
MGROS.csv,FROTO.csv
MGROS.csv,YYLGD.csv
MGROS.csv,KZGYO.csv
MGROS.csv,AFYON.csv
MGROS.csv,KCAER.csv
MGROS.csv,GWIND.csv
MGROS.csv,ASTOR.csv
MGROS.csv,ANSGR.csv
MGROS.csv,ISMEN.csv
MGROS.csv,KAYSE.csv
MGROS.csv,ASELS.csv
MGROS.csv,DOHOL.csv
MGROS.csv,KCHOL.csv
MGROS.csv,ENKAI.csv
MGROS.csv,BERA.csv
MGROS.csv,AGROT.csv
MGROS.csv,BINHO.csv
MGROS.csv,MAVI.csv
MGROS.csv,HALKB.csv
MGROS.csv,ALBRK.csv
MGROS.csv,ARDYZ.csv
MGROS.csv,KMPUR.csv
MGROS.csv,TTKOM.csv
MGROS.csv,OTKAR.csv
MGROS.csv,EUPWR.csv
MGROS.csv,SOKM.csv
MGROS.csv,ALARK.csv
MGROS.csv,KORDS.csv
MGROS.csv,TTRAK.csv
MGROS.csv,CCOLA.csv
MGROS.csv,YEOTK.csv
ODAS.csv,SASA.csv
ODAS.csv,KRDMD.csv
ODAS.csv,AHGAZ.csv
ODAS.csv,TOASO.csv
ODAS.csv,AGESA.csv
ODAS.csv,CWENE.csv
ODAS.csv,AKBNK.csv
ODAS.csv,AKCNS.csv
ODAS.csv,EKGYO.csv
ODAS.csv,ISGYO.csv
ODAS.csv,THYAO.csv
ODAS.csv,PGSUS.csv
ODAS.csv,GOKNR.csv
ODAS.csv,TSKB.csv
ODAS.csv,ENTRA.csv
ODAS.csv,BRYAT.csv
ODAS.csv,DOAS.csv
ODAS.csv,A1CAP.csv
ODAS.csv,TAVHL.csv
ODAS.csv,AEFES.csv
ODAS.csv,SKBNK.csv
ODAS.csv,SAHOL.csv
ODAS.csv,CIMSA.csv
ODAS.csv,ISCTR.csv
ODAS.csv,BIOEN.csv
ODAS.csv,ULKER.csv
ODAS.csv,HEKTS.csv
ODAS.csv,OYAKC.csv
ODAS.csv,TUPRS.csv
ODAS.csv,KONTR.csv
ODAS.csv,BUCIM.csv
ODAS.csv,OBAMS.csv
ODAS.csv,FROTO.csv
ODAS.csv,YYLGD.csv
ODAS.csv,KZGYO.csv
ODAS.csv,AFYON.csv
ODAS.csv,KCAER.csv
ODAS.csv,GWIND.csv
ODAS.csv,ASTOR.csv
ODAS.csv,ANSGR.csv
ODAS.csv,ISMEN.csv
ODAS.csv,KAYSE.csv
ODAS.csv,ASELS.csv
ODAS.csv,DOHOL.csv
ODAS.csv,KCHOL.csv
ODAS.csv,ENKAI.csv
ODAS.csv,BERA.csv
ODAS.csv,AGROT.csv
ODAS.csv,BINHO.csv
ODAS.csv,MAVI.csv
ODAS.csv,HALKB.csv
ODAS.csv,ALBRK.csv
ODAS.csv,ARDYZ.csv
ODAS.csv,KMPUR.csv
ODAS.csv,TTKOM.csv
ODAS.csv,OTKAR.csv
ODAS.csv,EUPWR.csv
ODAS.csv,SOKM.csv
ODAS.csv,ALARK.csv
ODAS.csv,KORDS.csv
ODAS.csv,TTRAK.csv
ODAS.csv,CCOLA.csv
ODAS.csv,YEOTK.csv
SASA.csv,KRDMD.csv
SASA.csv,AHGAZ.csv
SASA.csv,TOASO.csv
SASA.csv,AGESA.csv
SASA.csv,CWENE.csv
SASA.csv,AKBNK.csv
SASA.csv,AKCNS.csv
SASA.csv,EKGYO.csv
SASA.csv,ISGYO.csv
SASA.csv,THYAO.csv
SASA.csv,PGSUS.csv
SASA.csv,GOKNR.csv
SASA.csv,TSKB.csv
SASA.csv,ENTRA.csv
SASA.csv,BRYAT.csv
SASA.csv,DOAS.csv
SASA.csv,A1CAP.csv
SASA.csv,TAVHL.csv
SASA.csv,AEFES.csv
SASA.csv,SKBNK.csv
SASA.csv,SAHOL.csv
SASA.csv,CIMSA.csv
SASA.csv,ISCTR.csv
SASA.csv,BIOEN.csv
SASA.csv,ULKER.csv
SASA.csv,HEKTS.csv
SASA.csv,OYAKC.csv
SASA.csv,TUPRS.csv
SASA.csv,KONTR.csv
SASA.csv,BUCIM.csv
SASA.csv,OBAMS.csv
SASA.csv,FROTO.csv
SASA.csv,YYLGD.csv
SASA.csv,KZGYO.csv
SASA.csv,AFYON.csv
SASA.csv,KCAER.csv
SASA.csv,GWIND.csv
SASA.csv,ASTOR.csv
SASA.csv,ANSGR.csv
SASA.csv,ISMEN.csv
SASA.csv,KAYSE.csv
SASA.csv,ASELS.csv
SASA.csv,DOHOL.csv
SASA.csv,KCHOL.csv
SASA.csv,ENKAI.csv
SASA.csv,BERA.csv
SASA.csv,AGROT.csv
SASA.csv,BINHO.csv
SASA.csv,MAVI.csv
SASA.csv,HALKB.csv
SASA.csv,ALBRK.csv
SASA.csv,ARDYZ.csv
SASA.csv,KMPUR.csv
SASA.csv,TTKOM.csv
SASA.csv,OTKAR.csv
SASA.csv,EUPWR.csv
SASA.csv,SOKM.csv
SASA.csv,ALARK.csv
SASA.csv,KORDS.csv
SASA.csv,TTRAK.csv
SASA.csv,CCOLA.csv
SASA.csv,YEOTK.csv
KRDMD.csv,AHGAZ.csv
KRDMD.csv,TOASO.csv
KRDMD.csv,AGESA.csv
KRDMD.csv,CWENE.csv
KRDMD.csv,AKBNK.csv
KRDMD.csv,AKCNS.csv
KRDMD.csv,EKGYO.csv
KRDMD.csv,ISGYO.csv
KRDMD.csv,THYAO.csv
KRDMD.csv,PGSUS.csv
KRDMD.csv,GOKNR.csv
KRDMD.csv,TSKB.csv
KRDMD.csv,ENTRA.csv
KRDMD.csv,BRYAT.csv
KRDMD.csv,DOAS.csv
KRDMD.csv,A1CAP.csv
KRDMD.csv,TAVHL.csv
KRDMD.csv,AEFES.csv
KRDMD.csv,SKBNK.csv
KRDMD.csv,SAHOL.csv
KRDMD.csv,CIMSA.csv
KRDMD.csv,ISCTR.csv
KRDMD.csv,BIOEN.csv
KRDMD.csv,ULKER.csv
KRDMD.csv,HEKTS.csv
KRDMD.csv,OYAKC.csv
KRDMD.csv,TUPRS.csv
KRDMD.csv,KONTR.csv
KRDMD.csv,BUCIM.csv
KRDMD.csv,OBAMS.csv
KRDMD.csv,FROTO.csv
KRDMD.csv,YYLGD.csv
KRDMD.csv,KZGYO.csv
KRDMD.csv,AFYON.csv
KRDMD.csv,KCAER.csv
KRDMD.csv,GWIND.csv
KRDMD.csv,ASTOR.csv
KRDMD.csv,ANSGR.csv
KRDMD.csv,ISMEN.csv
KRDMD.csv,KAYSE.csv
KRDMD.csv,ASELS.csv
KRDMD.csv,DOHOL.csv
KRDMD.csv,KCHOL.csv
KRDMD.csv,ENKAI.csv
KRDMD.csv,BERA.csv
KRDMD.csv,AGROT.csv
KRDMD.csv,BINHO.csv
KRDMD.csv,MAVI.csv
KRDMD.csv,HALKB.csv
KRDMD.csv,ALBRK.csv
KRDMD.csv,ARDYZ.csv
KRDMD.csv,KMPUR.csv
KRDMD.csv,TTKOM.csv
KRDMD.csv,OTKAR.csv
KRDMD.csv,EUPWR.csv
KRDMD.csv,SOKM.csv
KRDMD.csv,ALARK.csv
KRDMD.csv,KORDS.csv
KRDMD.csv,TTRAK.csv
KRDMD.csv,CCOLA.csv
KRDMD.csv,YEOTK.csv
AHGAZ.csv,TOASO.csv
AHGAZ.csv,AGESA.csv
AHGAZ.csv,CWENE.csv
AHGAZ.csv,AKBNK.csv
AHGAZ.csv,AKCNS.csv
AHGAZ.csv,EKGYO.csv
AHGAZ.csv,ISGYO.csv
AHGAZ.csv,THYAO.csv
AHGAZ.csv,PGSUS.csv
AHGAZ.csv,GOKNR.csv
AHGAZ.csv,TSKB.csv
AHGAZ.csv,ENTRA.csv
AHGAZ.csv,BRYAT.csv
AHGAZ.csv,DOAS.csv
AHGAZ.csv,A1CAP.csv
AHGAZ.csv,TAVHL.csv
AHGAZ.csv,AEFES.csv
AHGAZ.csv,SKBNK.csv
AHGAZ.csv,SAHOL.csv
AHGAZ.csv,CIMSA.csv
AHGAZ.csv,ISCTR.csv
AHGAZ.csv,BIOEN.csv
AHGAZ.csv,ULKER.csv
AHGAZ.csv,HEKTS.csv
AHGAZ.csv,OYAKC.csv
AHGAZ.csv,TUPRS.csv
AHGAZ.csv,KONTR.csv
AHGAZ.csv,BUCIM.csv
AHGAZ.csv,OBAMS.csv
AHGAZ.csv,FROTO.csv
AHGAZ.csv,YYLGD.csv
AHGAZ.csv,KZGYO.csv
AHGAZ.csv,AFYON.csv
AHGAZ.csv,KCAER.csv
AHGAZ.csv,GWIND.csv
AHGAZ.csv,ASTOR.csv
AHGAZ.csv,ANSGR.csv
AHGAZ.csv,ISMEN.csv
AHGAZ.csv,KAYSE.csv
AHGAZ.csv,ASELS.csv
AHGAZ.csv,DOHOL.csv
AHGAZ.csv,KCHOL.csv
AHGAZ.csv,ENKAI.csv
AHGAZ.csv,BERA.csv
AHGAZ.csv,AGROT.csv
AHGAZ.csv,BINHO.csv
AHGAZ.csv,MAVI.csv
AHGAZ.csv,HALKB.csv
AHGAZ.csv,ALBRK.csv
AHGAZ.csv,ARDYZ.csv
AHGAZ.csv,KMPUR.csv
AHGAZ.csv,TTKOM.csv
AHGAZ.csv,OTKAR.csv
AHGAZ.csv,EUPWR.csv
AHGAZ.csv,SOKM.csv
AHGAZ.csv,ALARK.csv
AHGAZ.csv,KORDS.csv
AHGAZ.csv,TTRAK.csv
AHGAZ.csv,CCOLA.csv
AHGAZ.csv,YEOTK.csv
TOASO.csv,AGESA.csv
TOASO.csv,CWENE.csv
TOASO.csv,AKBNK.csv
TOASO.csv,AKCNS.csv
TOASO.csv,EKGYO.csv
TOASO.csv,ISGYO.csv
TOASO.csv,THYAO.csv
TOASO.csv,PGSUS.csv
TOASO.csv,GOKNR.csv
TOASO.csv,TSKB.csv
TOASO.csv,ENTRA.csv
TOASO.csv,BRYAT.csv
TOASO.csv,DOAS.csv
TOASO.csv,A1CAP.csv
TOASO.csv,TAVHL.csv
TOASO.csv,AEFES.csv
TOASO.csv,SKBNK.csv
TOASO.csv,SAHOL.csv
TOASO.csv,CIMSA.csv
TOASO.csv,ISCTR.csv
TOASO.csv,BIOEN.csv
TOASO.csv,ULKER.csv
TOASO.csv,HEKTS.csv
TOASO.csv,OYAKC.csv
TOASO.csv,TUPRS.csv
TOASO.csv,KONTR.csv
TOASO.csv,BUCIM.csv
TOASO.csv,OBAMS.csv
TOASO.csv,FROTO.csv
TOASO.csv,YYLGD.csv
TOASO.csv,KZGYO.csv
TOASO.csv,AFYON.csv
TOASO.csv,KCAER.csv
TOASO.csv,GWIND.csv
TOASO.csv,ASTOR.csv
TOASO.csv,ANSGR.csv
TOASO.csv,ISMEN.csv
TOASO.csv,KAYSE.csv
TOASO.csv,ASELS.csv
TOASO.csv,DOHOL.csv
TOASO.csv,KCHOL.csv
TOASO.csv,ENKAI.csv
TOASO.csv,BERA.csv
TOASO.csv,AGROT.csv
TOASO.csv,BINHO.csv
TOASO.csv,MAVI.csv
TOASO.csv,HALKB.csv
TOASO.csv,ALBRK.csv
TOASO.csv,ARDYZ.csv
TOASO.csv,KMPUR.csv
TOASO.csv,TTKOM.csv
TOASO.csv,OTKAR.csv
TOASO.csv,EUPWR.csv
TOASO.csv,SOKM.csv
TOASO.csv,ALARK.csv
TOASO.csv,KORDS.csv
TOASO.csv,TTRAK.csv
TOASO.csv,CCOLA.csv
TOASO.csv,YEOTK.csv
AGESA.csv,CWENE.csv
AGESA.csv,AKBNK.csv
AGESA.csv,AKCNS.csv
AGESA.csv,EKGYO.csv
AGESA.csv,ISGYO.csv
AGESA.csv,THYAO.csv
AGESA.csv,PGSUS.csv
AGESA.csv,GOKNR.csv
AGESA.csv,TSKB.csv
AGESA.csv,ENTRA.csv
AGESA.csv,BRYAT.csv
AGESA.csv,DOAS.csv
AGESA.csv,A1CAP.csv
AGESA.csv,TAVHL.csv
AGESA.csv,AEFES.csv
AGESA.csv,SKBNK.csv
AGESA.csv,SAHOL.csv
AGESA.csv,CIMSA.csv
AGESA.csv,ISCTR.csv
AGESA.csv,BIOEN.csv
AGESA.csv,ULKER.csv
AGESA.csv,HEKTS.csv
AGESA.csv,OYAKC.csv
AGESA.csv,TUPRS.csv
AGESA.csv,KONTR.csv
AGESA.csv,BUCIM.csv
AGESA.csv,OBAMS.csv
AGESA.csv,FROTO.csv
AGESA.csv,YYLGD.csv
AGESA.csv,KZGYO.csv
AGESA.csv,AFYON.csv
AGESA.csv,KCAER.csv
AGESA.csv,GWIND.csv
AGESA.csv,ASTOR.csv
AGESA.csv,ANSGR.csv
AGESA.csv,ISMEN.csv
AGESA.csv,KAYSE.csv
AGESA.csv,ASELS.csv
AGESA.csv,DOHOL.csv
AGESA.csv,KCHOL.csv
AGESA.csv,ENKAI.csv
AGESA.csv,BERA.csv
AGESA.csv,AGROT.csv
AGESA.csv,BINHO.csv
AGESA.csv,MAVI.csv
AGESA.csv,HALKB.csv
AGESA.csv,ALBRK.csv
AGESA.csv,ARDYZ.csv
AGESA.csv,KMPUR.csv
AGESA.csv,TTKOM.csv
AGESA.csv,OTKAR.csv
AGESA.csv,EUPWR.csv
AGESA.csv,SOKM.csv
AGESA.csv,ALARK.csv
AGESA.csv,KORDS.csv
AGESA.csv,TTRAK.csv
AGESA.csv,CCOLA.csv
AGESA.csv,YEOTK.csv
CWENE.csv,AKBNK.csv
CWENE.csv,AKCNS.csv
CWENE.csv,EKGYO.csv
CWENE.csv,ISGYO.csv
CWENE.csv,THYAO.csv
CWENE.csv,PGSUS.csv
CWENE.csv,GOKNR.csv
CWENE.csv,TSKB.csv
CWENE.csv,ENTRA.csv
CWENE.csv,BRYAT.csv
CWENE.csv,DOAS.csv
CWENE.csv,A1CAP.csv
CWENE.csv,TAVHL.csv
CWENE.csv,AEFES.csv
CWENE.csv,SKBNK.csv
CWENE.csv,SAHOL.csv
CWENE.csv,CIMSA.csv
CWENE.csv,ISCTR.csv
CWENE.csv,BIOEN.csv
CWENE.csv,ULKER.csv
CWENE.csv,HEKTS.csv
CWENE.csv,OYAKC.csv
CWENE.csv,TUPRS.csv
CWENE.csv,KONTR.csv
CWENE.csv,BUCIM.csv
CWENE.csv,OBAMS.csv
CWENE.csv,FROTO.csv
CWENE.csv,YYLGD.csv
CWENE.csv,KZGYO.csv
CWENE.csv,AFYON.csv
CWENE.csv,KCAER.csv
CWENE.csv,GWIND.csv
CWENE.csv,ASTOR.csv
CWENE.csv,ANSGR.csv
CWENE.csv,ISMEN.csv
CWENE.csv,KAYSE.csv
CWENE.csv,ASELS.csv
CWENE.csv,DOHOL.csv
CWENE.csv,KCHOL.csv
CWENE.csv,ENKAI.csv
CWENE.csv,BERA.csv
CWENE.csv,AGROT.csv
CWENE.csv,BINHO.csv
CWENE.csv,MAVI.csv
CWENE.csv,HALKB.csv
CWENE.csv,ALBRK.csv
CWENE.csv,ARDYZ.csv
CWENE.csv,KMPUR.csv
CWENE.csv,TTKOM.csv
CWENE.csv,OTKAR.csv
CWENE.csv,EUPWR.csv
CWENE.csv,SOKM.csv
CWENE.csv,ALARK.csv
CWENE.csv,KORDS.csv
CWENE.csv,TTRAK.csv
CWENE.csv,CCOLA.csv
CWENE.csv,YEOTK.csv
AKBNK.csv,AKCNS.csv
AKBNK.csv,EKGYO.csv
AKBNK.csv,ISGYO.csv
AKBNK.csv,THYAO.csv
AKBNK.csv,PGSUS.csv
AKBNK.csv,GOKNR.csv
AKBNK.csv,TSKB.csv
AKBNK.csv,ENTRA.csv
AKBNK.csv,BRYAT.csv
AKBNK.csv,DOAS.csv
AKBNK.csv,A1CAP.csv
AKBNK.csv,TAVHL.csv
AKBNK.csv,AEFES.csv
AKBNK.csv,SKBNK.csv
AKBNK.csv,SAHOL.csv
AKBNK.csv,CIMSA.csv
AKBNK.csv,ISCTR.csv
AKBNK.csv,BIOEN.csv
AKBNK.csv,ULKER.csv
AKBNK.csv,HEKTS.csv
AKBNK.csv,OYAKC.csv
AKBNK.csv,TUPRS.csv
AKBNK.csv,KONTR.csv
AKBNK.csv,BUCIM.csv
AKBNK.csv,OBAMS.csv
AKBNK.csv,FROTO.csv
AKBNK.csv,YYLGD.csv
AKBNK.csv,KZGYO.csv
AKBNK.csv,AFYON.csv
AKBNK.csv,KCAER.csv
AKBNK.csv,GWIND.csv
AKBNK.csv,ASTOR.csv
AKBNK.csv,ANSGR.csv
AKBNK.csv,ISMEN.csv
AKBNK.csv,KAYSE.csv
AKBNK.csv,ASELS.csv
AKBNK.csv,DOHOL.csv
AKBNK.csv,KCHOL.csv
AKBNK.csv,ENKAI.csv
AKBNK.csv,BERA.csv
AKBNK.csv,AGROT.csv
AKBNK.csv,BINHO.csv
AKBNK.csv,MAVI.csv
AKBNK.csv,HALKB.csv
AKBNK.csv,ALBRK.csv
AKBNK.csv,ARDYZ.csv
AKBNK.csv,KMPUR.csv
AKBNK.csv,TTKOM.csv
AKBNK.csv,OTKAR.csv
AKBNK.csv,EUPWR.csv
AKBNK.csv,SOKM.csv
AKBNK.csv,ALARK.csv
AKBNK.csv,KORDS.csv
AKBNK.csv,TTRAK.csv
AKBNK.csv,CCOLA.csv
AKBNK.csv,YEOTK.csv
AKCNS.csv,EKGYO.csv
AKCNS.csv,ISGYO.csv
AKCNS.csv,THYAO.csv
AKCNS.csv,PGSUS.csv
AKCNS.csv,GOKNR.csv
AKCNS.csv,TSKB.csv
AKCNS.csv,ENTRA.csv
AKCNS.csv,BRYAT.csv
AKCNS.csv,DOAS.csv
AKCNS.csv,A1CAP.csv
AKCNS.csv,TAVHL.csv
AKCNS.csv,AEFES.csv
AKCNS.csv,SKBNK.csv
AKCNS.csv,SAHOL.csv
AKCNS.csv,CIMSA.csv
AKCNS.csv,ISCTR.csv
AKCNS.csv,BIOEN.csv
AKCNS.csv,ULKER.csv
AKCNS.csv,HEKTS.csv
AKCNS.csv,OYAKC.csv
AKCNS.csv,TUPRS.csv
AKCNS.csv,KONTR.csv
AKCNS.csv,BUCIM.csv
AKCNS.csv,OBAMS.csv
AKCNS.csv,FROTO.csv
AKCNS.csv,YYLGD.csv
AKCNS.csv,KZGYO.csv
AKCNS.csv,AFYON.csv
AKCNS.csv,KCAER.csv
AKCNS.csv,GWIND.csv
AKCNS.csv,ASTOR.csv
AKCNS.csv,ANSGR.csv
AKCNS.csv,ISMEN.csv
AKCNS.csv,KAYSE.csv
AKCNS.csv,ASELS.csv
AKCNS.csv,DOHOL.csv
AKCNS.csv,KCHOL.csv
AKCNS.csv,ENKAI.csv
AKCNS.csv,BERA.csv
AKCNS.csv,AGROT.csv
AKCNS.csv,BINHO.csv
AKCNS.csv,MAVI.csv
AKCNS.csv,HALKB.csv
AKCNS.csv,ALBRK.csv
AKCNS.csv,ARDYZ.csv
AKCNS.csv,KMPUR.csv
AKCNS.csv,TTKOM.csv
AKCNS.csv,OTKAR.csv
AKCNS.csv,EUPWR.csv
AKCNS.csv,SOKM.csv
AKCNS.csv,ALARK.csv
AKCNS.csv,KORDS.csv
AKCNS.csv,TTRAK.csv
AKCNS.csv,CCOLA.csv
AKCNS.csv,YEOTK.csv
EKGYO.csv,ISGYO.csv
EKGYO.csv,THYAO.csv
EKGYO.csv,PGSUS.csv
EKGYO.csv,GOKNR.csv
EKGYO.csv,TSKB.csv
EKGYO.csv,ENTRA.csv
EKGYO.csv,BRYAT.csv
EKGYO.csv,DOAS.csv
EKGYO.csv,A1CAP.csv
EKGYO.csv,TAVHL.csv
EKGYO.csv,AEFES.csv
EKGYO.csv,SKBNK.csv
EKGYO.csv,SAHOL.csv
EKGYO.csv,CIMSA.csv
EKGYO.csv,ISCTR.csv
EKGYO.csv,BIOEN.csv
EKGYO.csv,ULKER.csv
EKGYO.csv,HEKTS.csv
EKGYO.csv,OYAKC.csv
EKGYO.csv,TUPRS.csv
EKGYO.csv,KONTR.csv
EKGYO.csv,BUCIM.csv
EKGYO.csv,OBAMS.csv
EKGYO.csv,FROTO.csv
EKGYO.csv,YYLGD.csv
EKGYO.csv,KZGYO.csv
EKGYO.csv,AFYON.csv
EKGYO.csv,KCAER.csv
EKGYO.csv,GWIND.csv
EKGYO.csv,ASTOR.csv
EKGYO.csv,ANSGR.csv
EKGYO.csv,ISMEN.csv
EKGYO.csv,KAYSE.csv
EKGYO.csv,ASELS.csv
EKGYO.csv,DOHOL.csv
EKGYO.csv,KCHOL.csv
EKGYO.csv,ENKAI.csv
EKGYO.csv,BERA.csv
EKGYO.csv,AGROT.csv
EKGYO.csv,BINHO.csv
EKGYO.csv,MAVI.csv
EKGYO.csv,HALKB.csv
EKGYO.csv,ALBRK.csv
EKGYO.csv,ARDYZ.csv
EKGYO.csv,KMPUR.csv
EKGYO.csv,TTKOM.csv
EKGYO.csv,OTKAR.csv
EKGYO.csv,EUPWR.csv
EKGYO.csv,SOKM.csv
EKGYO.csv,ALARK.csv
EKGYO.csv,KORDS.csv
EKGYO.csv,TTRAK.csv
EKGYO.csv,CCOLA.csv
EKGYO.csv,YEOTK.csv
ISGYO.csv,THYAO.csv
ISGYO.csv,PGSUS.csv
ISGYO.csv,GOKNR.csv
ISGYO.csv,TSKB.csv
ISGYO.csv,ENTRA.csv
ISGYO.csv,BRYAT.csv
ISGYO.csv,DOAS.csv
ISGYO.csv,A1CAP.csv
ISGYO.csv,TAVHL.csv
ISGYO.csv,AEFES.csv
ISGYO.csv,SKBNK.csv
ISGYO.csv,SAHOL.csv
ISGYO.csv,CIMSA.csv
ISGYO.csv,ISCTR.csv
ISGYO.csv,BIOEN.csv
ISGYO.csv,ULKER.csv
ISGYO.csv,HEKTS.csv
ISGYO.csv,OYAKC.csv
ISGYO.csv,TUPRS.csv
ISGYO.csv,KONTR.csv
ISGYO.csv,BUCIM.csv
ISGYO.csv,OBAMS.csv
ISGYO.csv,FROTO.csv
ISGYO.csv,YYLGD.csv
ISGYO.csv,KZGYO.csv
ISGYO.csv,AFYON.csv
ISGYO.csv,KCAER.csv
ISGYO.csv,GWIND.csv
ISGYO.csv,ASTOR.csv
ISGYO.csv,ANSGR.csv
ISGYO.csv,ISMEN.csv
ISGYO.csv,KAYSE.csv
ISGYO.csv,ASELS.csv
ISGYO.csv,DOHOL.csv
ISGYO.csv,KCHOL.csv
ISGYO.csv,ENKAI.csv
ISGYO.csv,BERA.csv
ISGYO.csv,AGROT.csv
ISGYO.csv,BINHO.csv
ISGYO.csv,MAVI.csv
ISGYO.csv,HALKB.csv
ISGYO.csv,ALBRK.csv
ISGYO.csv,ARDYZ.csv
ISGYO.csv,KMPUR.csv
ISGYO.csv,TTKOM.csv
ISGYO.csv,OTKAR.csv
ISGYO.csv,EUPWR.csv
ISGYO.csv,SOKM.csv
ISGYO.csv,ALARK.csv
ISGYO.csv,KORDS.csv
ISGYO.csv,TTRAK.csv
ISGYO.csv,CCOLA.csv
ISGYO.csv,YEOTK.csv
THYAO.csv,PGSUS.csv
THYAO.csv,GOKNR.csv
THYAO.csv,TSKB.csv
THYAO.csv,ENTRA.csv
THYAO.csv,BRYAT.csv
THYAO.csv,DOAS.csv
THYAO.csv,A1CAP.csv
THYAO.csv,TAVHL.csv
THYAO.csv,AEFES.csv
THYAO.csv,SKBNK.csv
THYAO.csv,SAHOL.csv
THYAO.csv,CIMSA.csv
THYAO.csv,ISCTR.csv
THYAO.csv,BIOEN.csv
THYAO.csv,ULKER.csv
THYAO.csv,HEKTS.csv
THYAO.csv,OYAKC.csv
THYAO.csv,TUPRS.csv
THYAO.csv,KONTR.csv
THYAO.csv,BUCIM.csv
THYAO.csv,OBAMS.csv
THYAO.csv,FROTO.csv
THYAO.csv,YYLGD.csv
THYAO.csv,KZGYO.csv
THYAO.csv,AFYON.csv
THYAO.csv,KCAER.csv
THYAO.csv,GWIND.csv
THYAO.csv,ASTOR.csv
THYAO.csv,ANSGR.csv
THYAO.csv,ISMEN.csv
THYAO.csv,KAYSE.csv
THYAO.csv,ASELS.csv
THYAO.csv,DOHOL.csv
THYAO.csv,KCHOL.csv
THYAO.csv,ENKAI.csv
THYAO.csv,BERA.csv
THYAO.csv,AGROT.csv
THYAO.csv,BINHO.csv
THYAO.csv,MAVI.csv
THYAO.csv,HALKB.csv
THYAO.csv,ALBRK.csv
THYAO.csv,ARDYZ.csv
THYAO.csv,KMPUR.csv
THYAO.csv,TTKOM.csv
THYAO.csv,OTKAR.csv
THYAO.csv,EUPWR.csv
THYAO.csv,SOKM.csv
THYAO.csv,ALARK.csv
THYAO.csv,KORDS.csv
THYAO.csv,TTRAK.csv
THYAO.csv,CCOLA.csv
THYAO.csv,YEOTK.csv
PGSUS.csv,GOKNR.csv
PGSUS.csv,TSKB.csv
PGSUS.csv,ENTRA.csv
PGSUS.csv,BRYAT.csv
PGSUS.csv,DOAS.csv
PGSUS.csv,A1CAP.csv
PGSUS.csv,TAVHL.csv
PGSUS.csv,AEFES.csv
PGSUS.csv,SKBNK.csv
PGSUS.csv,SAHOL.csv
PGSUS.csv,CIMSA.csv
PGSUS.csv,ISCTR.csv
PGSUS.csv,BIOEN.csv
PGSUS.csv,ULKER.csv
PGSUS.csv,HEKTS.csv
PGSUS.csv,OYAKC.csv
PGSUS.csv,TUPRS.csv
PGSUS.csv,KONTR.csv
PGSUS.csv,BUCIM.csv
PGSUS.csv,OBAMS.csv
PGSUS.csv,FROTO.csv
PGSUS.csv,YYLGD.csv
PGSUS.csv,KZGYO.csv
PGSUS.csv,AFYON.csv
PGSUS.csv,KCAER.csv
PGSUS.csv,GWIND.csv
PGSUS.csv,ASTOR.csv
PGSUS.csv,ANSGR.csv
PGSUS.csv,ISMEN.csv
PGSUS.csv,KAYSE.csv
PGSUS.csv,ASELS.csv
PGSUS.csv,DOHOL.csv
PGSUS.csv,KCHOL.csv
PGSUS.csv,ENKAI.csv
PGSUS.csv,BERA.csv
PGSUS.csv,AGROT.csv
PGSUS.csv,BINHO.csv
PGSUS.csv,MAVI.csv
PGSUS.csv,HALKB.csv
PGSUS.csv,ALBRK.csv
PGSUS.csv,ARDYZ.csv
PGSUS.csv,KMPUR.csv
PGSUS.csv,TTKOM.csv
PGSUS.csv,OTKAR.csv
PGSUS.csv,EUPWR.csv
PGSUS.csv,SOKM.csv
PGSUS.csv,ALARK.csv
PGSUS.csv,KORDS.csv
PGSUS.csv,TTRAK.csv
PGSUS.csv,CCOLA.csv
PGSUS.csv,YEOTK.csv
GOKNR.csv,TSKB.csv
GOKNR.csv,ENTRA.csv
GOKNR.csv,BRYAT.csv
GOKNR.csv,DOAS.csv
GOKNR.csv,A1CAP.csv
GOKNR.csv,TAVHL.csv
GOKNR.csv,AEFES.csv
GOKNR.csv,SKBNK.csv
GOKNR.csv,SAHOL.csv
GOKNR.csv,CIMSA.csv
GOKNR.csv,ISCTR.csv
GOKNR.csv,BIOEN.csv
GOKNR.csv,ULKER.csv
GOKNR.csv,HEKTS.csv
GOKNR.csv,OYAKC.csv
GOKNR.csv,TUPRS.csv
GOKNR.csv,KONTR.csv
GOKNR.csv,BUCIM.csv
GOKNR.csv,OBAMS.csv
GOKNR.csv,FROTO.csv
GOKNR.csv,YYLGD.csv
GOKNR.csv,KZGYO.csv
GOKNR.csv,AFYON.csv
GOKNR.csv,KCAER.csv
GOKNR.csv,GWIND.csv
GOKNR.csv,ASTOR.csv
GOKNR.csv,ANSGR.csv
GOKNR.csv,ISMEN.csv
GOKNR.csv,KAYSE.csv
GOKNR.csv,ASELS.csv
GOKNR.csv,DOHOL.csv
GOKNR.csv,KCHOL.csv
GOKNR.csv,ENKAI.csv
GOKNR.csv,BERA.csv
GOKNR.csv,AGROT.csv
GOKNR.csv,BINHO.csv
GOKNR.csv,MAVI.csv
GOKNR.csv,HALKB.csv
GOKNR.csv,ALBRK.csv
GOKNR.csv,ARDYZ.csv
GOKNR.csv,KMPUR.csv
GOKNR.csv,TTKOM.csv
GOKNR.csv,OTKAR.csv
GOKNR.csv,EUPWR.csv
GOKNR.csv,SOKM.csv
GOKNR.csv,ALARK.csv
GOKNR.csv,KORDS.csv
GOKNR.csv,TTRAK.csv
GOKNR.csv,CCOLA.csv
GOKNR.csv,YEOTK.csv
TSKB.csv,ENTRA.csv
TSKB.csv,BRYAT.csv
TSKB.csv,DOAS.csv
TSKB.csv,A1CAP.csv
TSKB.csv,TAVHL.csv
TSKB.csv,AEFES.csv
TSKB.csv,SKBNK.csv
TSKB.csv,SAHOL.csv
TSKB.csv,CIMSA.csv
TSKB.csv,ISCTR.csv
TSKB.csv,BIOEN.csv
TSKB.csv,ULKER.csv
TSKB.csv,HEKTS.csv
TSKB.csv,OYAKC.csv
TSKB.csv,TUPRS.csv
TSKB.csv,KONTR.csv
TSKB.csv,BUCIM.csv
TSKB.csv,OBAMS.csv
TSKB.csv,FROTO.csv
TSKB.csv,YYLGD.csv
TSKB.csv,KZGYO.csv
TSKB.csv,AFYON.csv
TSKB.csv,KCAER.csv
TSKB.csv,GWIND.csv
TSKB.csv,ASTOR.csv
TSKB.csv,ANSGR.csv
TSKB.csv,ISMEN.csv
TSKB.csv,KAYSE.csv
TSKB.csv,ASELS.csv
TSKB.csv,DOHOL.csv
TSKB.csv,KCHOL.csv
TSKB.csv,ENKAI.csv
TSKB.csv,BERA.csv
TSKB.csv,AGROT.csv
TSKB.csv,BINHO.csv
TSKB.csv,MAVI.csv
TSKB.csv,HALKB.csv
TSKB.csv,ALBRK.csv
TSKB.csv,ARDYZ.csv
TSKB.csv,KMPUR.csv
TSKB.csv,TTKOM.csv
TSKB.csv,OTKAR.csv
TSKB.csv,EUPWR.csv
TSKB.csv,SOKM.csv
TSKB.csv,ALARK.csv
TSKB.csv,KORDS.csv
TSKB.csv,TTRAK.csv
TSKB.csv,CCOLA.csv
TSKB.csv,YEOTK.csv
ENTRA.csv,BRYAT.csv
ENTRA.csv,DOAS.csv
ENTRA.csv,A1CAP.csv
ENTRA.csv,TAVHL.csv
ENTRA.csv,AEFES.csv
ENTRA.csv,SKBNK.csv
ENTRA.csv,SAHOL.csv
ENTRA.csv,CIMSA.csv
ENTRA.csv,ISCTR.csv
ENTRA.csv,BIOEN.csv
ENTRA.csv,ULKER.csv
ENTRA.csv,HEKTS.csv
ENTRA.csv,OYAKC.csv
ENTRA.csv,TUPRS.csv
ENTRA.csv,KONTR.csv
ENTRA.csv,BUCIM.csv
ENTRA.csv,OBAMS.csv
ENTRA.csv,FROTO.csv
ENTRA.csv,YYLGD.csv
ENTRA.csv,KZGYO.csv
ENTRA.csv,AFYON.csv
ENTRA.csv,KCAER.csv
ENTRA.csv,GWIND.csv
ENTRA.csv,ASTOR.csv
ENTRA.csv,ANSGR.csv
ENTRA.csv,ISMEN.csv
ENTRA.csv,KAYSE.csv
ENTRA.csv,ASELS.csv
ENTRA.csv,DOHOL.csv
ENTRA.csv,KCHOL.csv
ENTRA.csv,ENKAI.csv
ENTRA.csv,BERA.csv
ENTRA.csv,AGROT.csv
ENTRA.csv,BINHO.csv
ENTRA.csv,MAVI.csv
ENTRA.csv,HALKB.csv
ENTRA.csv,ALBRK.csv
ENTRA.csv,ARDYZ.csv
ENTRA.csv,KMPUR.csv
ENTRA.csv,TTKOM.csv
ENTRA.csv,OTKAR.csv
ENTRA.csv,EUPWR.csv
ENTRA.csv,SOKM.csv
ENTRA.csv,ALARK.csv
ENTRA.csv,KORDS.csv
ENTRA.csv,TTRAK.csv
ENTRA.csv,CCOLA.csv
ENTRA.csv,YEOTK.csv
BRYAT.csv,DOAS.csv
BRYAT.csv,A1CAP.csv
BRYAT.csv,TAVHL.csv
BRYAT.csv,AEFES.csv
BRYAT.csv,SKBNK.csv
BRYAT.csv,SAHOL.csv
BRYAT.csv,CIMSA.csv
BRYAT.csv,ISCTR.csv
BRYAT.csv,BIOEN.csv
BRYAT.csv,ULKER.csv
BRYAT.csv,HEKTS.csv
BRYAT.csv,OYAKC.csv
BRYAT.csv,TUPRS.csv
BRYAT.csv,KONTR.csv
BRYAT.csv,BUCIM.csv
BRYAT.csv,OBAMS.csv
BRYAT.csv,FROTO.csv
BRYAT.csv,YYLGD.csv
BRYAT.csv,KZGYO.csv
BRYAT.csv,AFYON.csv
BRYAT.csv,KCAER.csv
BRYAT.csv,GWIND.csv
BRYAT.csv,ASTOR.csv
BRYAT.csv,ANSGR.csv
BRYAT.csv,ISMEN.csv
BRYAT.csv,KAYSE.csv
BRYAT.csv,ASELS.csv
BRYAT.csv,DOHOL.csv
BRYAT.csv,KCHOL.csv
BRYAT.csv,ENKAI.csv
BRYAT.csv,BERA.csv
BRYAT.csv,AGROT.csv
BRYAT.csv,BINHO.csv
BRYAT.csv,MAVI.csv
BRYAT.csv,HALKB.csv
BRYAT.csv,ALBRK.csv
BRYAT.csv,ARDYZ.csv
BRYAT.csv,KMPUR.csv
BRYAT.csv,TTKOM.csv
BRYAT.csv,OTKAR.csv
BRYAT.csv,EUPWR.csv
BRYAT.csv,SOKM.csv
BRYAT.csv,ALARK.csv
BRYAT.csv,KORDS.csv
BRYAT.csv,TTRAK.csv
BRYAT.csv,CCOLA.csv
BRYAT.csv,YEOTK.csv
DOAS.csv,A1CAP.csv
DOAS.csv,TAVHL.csv
DOAS.csv,AEFES.csv
DOAS.csv,SKBNK.csv
DOAS.csv,SAHOL.csv
DOAS.csv,CIMSA.csv
DOAS.csv,ISCTR.csv
DOAS.csv,BIOEN.csv
DOAS.csv,ULKER.csv
DOAS.csv,HEKTS.csv
DOAS.csv,OYAKC.csv
DOAS.csv,TUPRS.csv
DOAS.csv,KONTR.csv
DOAS.csv,BUCIM.csv
DOAS.csv,OBAMS.csv
DOAS.csv,FROTO.csv
DOAS.csv,YYLGD.csv
DOAS.csv,KZGYO.csv
DOAS.csv,AFYON.csv
DOAS.csv,KCAER.csv
DOAS.csv,GWIND.csv
DOAS.csv,ASTOR.csv
DOAS.csv,ANSGR.csv
DOAS.csv,ISMEN.csv
DOAS.csv,KAYSE.csv
DOAS.csv,ASELS.csv
DOAS.csv,DOHOL.csv
DOAS.csv,KCHOL.csv
DOAS.csv,ENKAI.csv
DOAS.csv,BERA.csv
DOAS.csv,AGROT.csv
DOAS.csv,BINHO.csv
DOAS.csv,MAVI.csv
DOAS.csv,HALKB.csv
DOAS.csv,ALBRK.csv
DOAS.csv,ARDYZ.csv
DOAS.csv,KMPUR.csv
DOAS.csv,TTKOM.csv
DOAS.csv,OTKAR.csv
DOAS.csv,EUPWR.csv
DOAS.csv,SOKM.csv
DOAS.csv,ALARK.csv
DOAS.csv,KORDS.csv
DOAS.csv,TTRAK.csv
DOAS.csv,CCOLA.csv
DOAS.csv,YEOTK.csv
A1CAP.csv,TAVHL.csv
A1CAP.csv,AEFES.csv
A1CAP.csv,SKBNK.csv
A1CAP.csv,SAHOL.csv
A1CAP.csv,CIMSA.csv
A1CAP.csv,ISCTR.csv
A1CAP.csv,BIOEN.csv
A1CAP.csv,ULKER.csv
A1CAP.csv,HEKTS.csv
A1CAP.csv,OYAKC.csv
A1CAP.csv,TUPRS.csv
A1CAP.csv,KONTR.csv
A1CAP.csv,BUCIM.csv
A1CAP.csv,OBAMS.csv
A1CAP.csv,FROTO.csv
A1CAP.csv,YYLGD.csv
A1CAP.csv,KZGYO.csv
A1CAP.csv,AFYON.csv
A1CAP.csv,KCAER.csv
A1CAP.csv,GWIND.csv
A1CAP.csv,ASTOR.csv
A1CAP.csv,ANSGR.csv
A1CAP.csv,ISMEN.csv
A1CAP.csv,KAYSE.csv
A1CAP.csv,ASELS.csv
A1CAP.csv,DOHOL.csv
A1CAP.csv,KCHOL.csv
A1CAP.csv,ENKAI.csv
A1CAP.csv,BERA.csv
A1CAP.csv,AGROT.csv
A1CAP.csv,BINHO.csv
A1CAP.csv,MAVI.csv
A1CAP.csv,HALKB.csv
A1CAP.csv,ALBRK.csv
A1CAP.csv,ARDYZ.csv
A1CAP.csv,KMPUR.csv
A1CAP.csv,TTKOM.csv
A1CAP.csv,OTKAR.csv
A1CAP.csv,EUPWR.csv
A1CAP.csv,SOKM.csv
A1CAP.csv,ALARK.csv
A1CAP.csv,KORDS.csv
A1CAP.csv,TTRAK.csv
A1CAP.csv,CCOLA.csv
A1CAP.csv,YEOTK.csv
TAVHL.csv,AEFES.csv
TAVHL.csv,SKBNK.csv
TAVHL.csv,SAHOL.csv
TAVHL.csv,CIMSA.csv
TAVHL.csv,ISCTR.csv
TAVHL.csv,BIOEN.csv
TAVHL.csv,ULKER.csv
TAVHL.csv,HEKTS.csv
TAVHL.csv,OYAKC.csv
TAVHL.csv,TUPRS.csv
TAVHL.csv,KONTR.csv
TAVHL.csv,BUCIM.csv
TAVHL.csv,OBAMS.csv
TAVHL.csv,FROTO.csv
TAVHL.csv,YYLGD.csv
TAVHL.csv,KZGYO.csv
TAVHL.csv,AFYON.csv
TAVHL.csv,KCAER.csv
TAVHL.csv,GWIND.csv
TAVHL.csv,ASTOR.csv
TAVHL.csv,ANSGR.csv
TAVHL.csv,ISMEN.csv
TAVHL.csv,KAYSE.csv
TAVHL.csv,ASELS.csv
TAVHL.csv,DOHOL.csv
TAVHL.csv,KCHOL.csv
TAVHL.csv,ENKAI.csv
TAVHL.csv,BERA.csv
TAVHL.csv,AGROT.csv
TAVHL.csv,BINHO.csv
TAVHL.csv,MAVI.csv
TAVHL.csv,HALKB.csv
TAVHL.csv,ALBRK.csv
TAVHL.csv,ARDYZ.csv
TAVHL.csv,KMPUR.csv
TAVHL.csv,TTKOM.csv
TAVHL.csv,OTKAR.csv
TAVHL.csv,EUPWR.csv
TAVHL.csv,SOKM.csv
TAVHL.csv,ALARK.csv
TAVHL.csv,KORDS.csv
TAVHL.csv,TTRAK.csv
TAVHL.csv,CCOLA.csv
TAVHL.csv,YEOTK.csv
AEFES.csv,SKBNK.csv
AEFES.csv,SAHOL.csv
AEFES.csv,CIMSA.csv
AEFES.csv,ISCTR.csv
AEFES.csv,BIOEN.csv
AEFES.csv,ULKER.csv
AEFES.csv,HEKTS.csv
AEFES.csv,OYAKC.csv
AEFES.csv,TUPRS.csv
AEFES.csv,KONTR.csv
AEFES.csv,BUCIM.csv
AEFES.csv,OBAMS.csv
AEFES.csv,FROTO.csv
AEFES.csv,YYLGD.csv
AEFES.csv,KZGYO.csv
AEFES.csv,AFYON.csv
AEFES.csv,KCAER.csv
AEFES.csv,GWIND.csv
AEFES.csv,ASTOR.csv
AEFES.csv,ANSGR.csv
AEFES.csv,ISMEN.csv
AEFES.csv,KAYSE.csv
AEFES.csv,ASELS.csv
AEFES.csv,DOHOL.csv
AEFES.csv,KCHOL.csv
AEFES.csv,ENKAI.csv
AEFES.csv,BERA.csv
AEFES.csv,AGROT.csv
AEFES.csv,BINHO.csv
AEFES.csv,MAVI.csv
AEFES.csv,HALKB.csv
AEFES.csv,ALBRK.csv
AEFES.csv,ARDYZ.csv
AEFES.csv,KMPUR.csv
AEFES.csv,TTKOM.csv
AEFES.csv,OTKAR.csv
AEFES.csv,EUPWR.csv
AEFES.csv,SOKM.csv
AEFES.csv,ALARK.csv
AEFES.csv,KORDS.csv
AEFES.csv,TTRAK.csv
AEFES.csv,CCOLA.csv
AEFES.csv,YEOTK.csv
SKBNK.csv,SAHOL.csv
SKBNK.csv,CIMSA.csv
SKBNK.csv,ISCTR.csv
SKBNK.csv,BIOEN.csv
SKBNK.csv,ULKER.csv
SKBNK.csv,HEKTS.csv
SKBNK.csv,OYAKC.csv
SKBNK.csv,TUPRS.csv
SKBNK.csv,KONTR.csv
SKBNK.csv,BUCIM.csv
SKBNK.csv,OBAMS.csv
SKBNK.csv,FROTO.csv
SKBNK.csv,YYLGD.csv
SKBNK.csv,KZGYO.csv
SKBNK.csv,AFYON.csv
SKBNK.csv,KCAER.csv
SKBNK.csv,GWIND.csv
SKBNK.csv,ASTOR.csv
SKBNK.csv,ANSGR.csv
SKBNK.csv,ISMEN.csv
SKBNK.csv,KAYSE.csv
SKBNK.csv,ASELS.csv
SKBNK.csv,DOHOL.csv
SKBNK.csv,KCHOL.csv
SKBNK.csv,ENKAI.csv
SKBNK.csv,BERA.csv
SKBNK.csv,AGROT.csv
SKBNK.csv,BINHO.csv
SKBNK.csv,MAVI.csv
SKBNK.csv,HALKB.csv
SKBNK.csv,ALBRK.csv
SKBNK.csv,ARDYZ.csv
SKBNK.csv,KMPUR.csv
SKBNK.csv,TTKOM.csv
SKBNK.csv,OTKAR.csv
SKBNK.csv,EUPWR.csv
SKBNK.csv,SOKM.csv
SKBNK.csv,ALARK.csv
SKBNK.csv,KORDS.csv
SKBNK.csv,TTRAK.csv
SKBNK.csv,CCOLA.csv
SKBNK.csv,YEOTK.csv
SAHOL.csv,CIMSA.csv
SAHOL.csv,ISCTR.csv
SAHOL.csv,BIOEN.csv
SAHOL.csv,ULKER.csv
SAHOL.csv,HEKTS.csv
SAHOL.csv,OYAKC.csv
SAHOL.csv,TUPRS.csv
SAHOL.csv,KONTR.csv
SAHOL.csv,BUCIM.csv
SAHOL.csv,OBAMS.csv
SAHOL.csv,FROTO.csv
SAHOL.csv,YYLGD.csv
SAHOL.csv,KZGYO.csv
SAHOL.csv,AFYON.csv
SAHOL.csv,KCAER.csv
SAHOL.csv,GWIND.csv
SAHOL.csv,ASTOR.csv
SAHOL.csv,ANSGR.csv
SAHOL.csv,ISMEN.csv
SAHOL.csv,KAYSE.csv
SAHOL.csv,ASELS.csv
SAHOL.csv,DOHOL.csv
SAHOL.csv,KCHOL.csv
SAHOL.csv,ENKAI.csv
SAHOL.csv,BERA.csv
SAHOL.csv,AGROT.csv
SAHOL.csv,BINHO.csv
SAHOL.csv,MAVI.csv
SAHOL.csv,HALKB.csv
SAHOL.csv,ALBRK.csv
SAHOL.csv,ARDYZ.csv
SAHOL.csv,KMPUR.csv
SAHOL.csv,TTKOM.csv
SAHOL.csv,OTKAR.csv
SAHOL.csv,EUPWR.csv
SAHOL.csv,SOKM.csv
SAHOL.csv,ALARK.csv
SAHOL.csv,KORDS.csv
SAHOL.csv,TTRAK.csv
SAHOL.csv,CCOLA.csv
SAHOL.csv,YEOTK.csv
CIMSA.csv,ISCTR.csv
CIMSA.csv,BIOEN.csv
CIMSA.csv,ULKER.csv
CIMSA.csv,HEKTS.csv
CIMSA.csv,OYAKC.csv
CIMSA.csv,TUPRS.csv
CIMSA.csv,KONTR.csv
CIMSA.csv,BUCIM.csv
CIMSA.csv,OBAMS.csv
CIMSA.csv,FROTO.csv
CIMSA.csv,YYLGD.csv
CIMSA.csv,KZGYO.csv
CIMSA.csv,AFYON.csv
CIMSA.csv,KCAER.csv
CIMSA.csv,GWIND.csv
CIMSA.csv,ASTOR.csv
CIMSA.csv,ANSGR.csv
CIMSA.csv,ISMEN.csv
CIMSA.csv,KAYSE.csv
CIMSA.csv,ASELS.csv
CIMSA.csv,DOHOL.csv
CIMSA.csv,KCHOL.csv
CIMSA.csv,ENKAI.csv
CIMSA.csv,BERA.csv
CIMSA.csv,AGROT.csv
CIMSA.csv,BINHO.csv
CIMSA.csv,MAVI.csv
CIMSA.csv,HALKB.csv
CIMSA.csv,ALBRK.csv
CIMSA.csv,ARDYZ.csv
CIMSA.csv,KMPUR.csv
CIMSA.csv,TTKOM.csv
CIMSA.csv,OTKAR.csv
CIMSA.csv,EUPWR.csv
CIMSA.csv,SOKM.csv
CIMSA.csv,ALARK.csv
CIMSA.csv,KORDS.csv
CIMSA.csv,TTRAK.csv
CIMSA.csv,CCOLA.csv
CIMSA.csv,YEOTK.csv
ISCTR.csv,BIOEN.csv
ISCTR.csv,ULKER.csv
ISCTR.csv,HEKTS.csv
ISCTR.csv,OYAKC.csv
ISCTR.csv,TUPRS.csv
ISCTR.csv,KONTR.csv
ISCTR.csv,BUCIM.csv
ISCTR.csv,OBAMS.csv
ISCTR.csv,FROTO.csv
ISCTR.csv,YYLGD.csv
ISCTR.csv,KZGYO.csv
ISCTR.csv,AFYON.csv
ISCTR.csv,KCAER.csv
ISCTR.csv,GWIND.csv
ISCTR.csv,ASTOR.csv
ISCTR.csv,ANSGR.csv
ISCTR.csv,ISMEN.csv
ISCTR.csv,KAYSE.csv
ISCTR.csv,ASELS.csv
ISCTR.csv,DOHOL.csv
ISCTR.csv,KCHOL.csv
ISCTR.csv,ENKAI.csv
ISCTR.csv,BERA.csv
ISCTR.csv,AGROT.csv
ISCTR.csv,BINHO.csv
ISCTR.csv,MAVI.csv
ISCTR.csv,HALKB.csv
ISCTR.csv,ALBRK.csv
ISCTR.csv,ARDYZ.csv
ISCTR.csv,KMPUR.csv
ISCTR.csv,TTKOM.csv
ISCTR.csv,OTKAR.csv
ISCTR.csv,EUPWR.csv
ISCTR.csv,SOKM.csv
ISCTR.csv,ALARK.csv
ISCTR.csv,KORDS.csv
ISCTR.csv,TTRAK.csv
ISCTR.csv,CCOLA.csv
ISCTR.csv,YEOTK.csv
BIOEN.csv,ULKER.csv
BIOEN.csv,HEKTS.csv
BIOEN.csv,OYAKC.csv
BIOEN.csv,TUPRS.csv
BIOEN.csv,KONTR.csv
BIOEN.csv,BUCIM.csv
BIOEN.csv,OBAMS.csv
BIOEN.csv,FROTO.csv
BIOEN.csv,YYLGD.csv
BIOEN.csv,KZGYO.csv
BIOEN.csv,AFYON.csv
BIOEN.csv,KCAER.csv
BIOEN.csv,GWIND.csv
BIOEN.csv,ASTOR.csv
BIOEN.csv,ANSGR.csv
BIOEN.csv,ISMEN.csv
BIOEN.csv,KAYSE.csv
BIOEN.csv,ASELS.csv
BIOEN.csv,DOHOL.csv
BIOEN.csv,KCHOL.csv
BIOEN.csv,ENKAI.csv
BIOEN.csv,BERA.csv
BIOEN.csv,AGROT.csv
BIOEN.csv,BINHO.csv
BIOEN.csv,MAVI.csv
BIOEN.csv,HALKB.csv
BIOEN.csv,ALBRK.csv
BIOEN.csv,ARDYZ.csv
BIOEN.csv,KMPUR.csv
BIOEN.csv,TTKOM.csv
BIOEN.csv,OTKAR.csv
BIOEN.csv,EUPWR.csv
BIOEN.csv,SOKM.csv
BIOEN.csv,ALARK.csv
BIOEN.csv,KORDS.csv
BIOEN.csv,TTRAK.csv
BIOEN.csv,CCOLA.csv
BIOEN.csv,YEOTK.csv
ULKER.csv,HEKTS.csv
ULKER.csv,OYAKC.csv
ULKER.csv,TUPRS.csv
ULKER.csv,KONTR.csv
ULKER.csv,BUCIM.csv
ULKER.csv,OBAMS.csv
ULKER.csv,FROTO.csv
ULKER.csv,YYLGD.csv
ULKER.csv,KZGYO.csv
ULKER.csv,AFYON.csv
ULKER.csv,KCAER.csv
ULKER.csv,GWIND.csv
ULKER.csv,ASTOR.csv
ULKER.csv,ANSGR.csv
ULKER.csv,ISMEN.csv
ULKER.csv,KAYSE.csv
ULKER.csv,ASELS.csv
ULKER.csv,DOHOL.csv
ULKER.csv,KCHOL.csv
ULKER.csv,ENKAI.csv
ULKER.csv,BERA.csv
ULKER.csv,AGROT.csv
ULKER.csv,BINHO.csv
ULKER.csv,MAVI.csv
ULKER.csv,HALKB.csv
ULKER.csv,ALBRK.csv
ULKER.csv,ARDYZ.csv
ULKER.csv,KMPUR.csv
ULKER.csv,TTKOM.csv
ULKER.csv,OTKAR.csv
ULKER.csv,EUPWR.csv
ULKER.csv,SOKM.csv
ULKER.csv,ALARK.csv
ULKER.csv,KORDS.csv
ULKER.csv,TTRAK.csv
ULKER.csv,CCOLA.csv
ULKER.csv,YEOTK.csv
HEKTS.csv,OYAKC.csv
HEKTS.csv,TUPRS.csv
HEKTS.csv,KONTR.csv
HEKTS.csv,BUCIM.csv
HEKTS.csv,OBAMS.csv
HEKTS.csv,FROTO.csv
HEKTS.csv,YYLGD.csv
HEKTS.csv,KZGYO.csv
HEKTS.csv,AFYON.csv
HEKTS.csv,KCAER.csv
HEKTS.csv,GWIND.csv
HEKTS.csv,ASTOR.csv
HEKTS.csv,ANSGR.csv
HEKTS.csv,ISMEN.csv
HEKTS.csv,KAYSE.csv
HEKTS.csv,ASELS.csv
HEKTS.csv,DOHOL.csv
HEKTS.csv,KCHOL.csv
HEKTS.csv,ENKAI.csv
HEKTS.csv,BERA.csv
HEKTS.csv,AGROT.csv
HEKTS.csv,BINHO.csv
HEKTS.csv,MAVI.csv
HEKTS.csv,HALKB.csv
HEKTS.csv,ALBRK.csv
HEKTS.csv,ARDYZ.csv
HEKTS.csv,KMPUR.csv
HEKTS.csv,TTKOM.csv
HEKTS.csv,OTKAR.csv
HEKTS.csv,EUPWR.csv
HEKTS.csv,SOKM.csv
HEKTS.csv,ALARK.csv
HEKTS.csv,KORDS.csv
HEKTS.csv,TTRAK.csv
HEKTS.csv,CCOLA.csv
HEKTS.csv,YEOTK.csv
OYAKC.csv,TUPRS.csv
OYAKC.csv,KONTR.csv
OYAKC.csv,BUCIM.csv
OYAKC.csv,OBAMS.csv
OYAKC.csv,FROTO.csv
OYAKC.csv,YYLGD.csv
OYAKC.csv,KZGYO.csv
OYAKC.csv,AFYON.csv
OYAKC.csv,KCAER.csv
OYAKC.csv,GWIND.csv
OYAKC.csv,ASTOR.csv
OYAKC.csv,ANSGR.csv
OYAKC.csv,ISMEN.csv
OYAKC.csv,KAYSE.csv
OYAKC.csv,ASELS.csv
OYAKC.csv,DOHOL.csv
OYAKC.csv,KCHOL.csv
OYAKC.csv,ENKAI.csv
OYAKC.csv,BERA.csv
OYAKC.csv,AGROT.csv
OYAKC.csv,BINHO.csv
OYAKC.csv,MAVI.csv
OYAKC.csv,HALKB.csv
OYAKC.csv,ALBRK.csv
OYAKC.csv,ARDYZ.csv
OYAKC.csv,KMPUR.csv
OYAKC.csv,TTKOM.csv
OYAKC.csv,OTKAR.csv
OYAKC.csv,EUPWR.csv
OYAKC.csv,SOKM.csv
OYAKC.csv,ALARK.csv
OYAKC.csv,KORDS.csv
OYAKC.csv,TTRAK.csv
OYAKC.csv,CCOLA.csv
OYAKC.csv,YEOTK.csv
TUPRS.csv,KONTR.csv
TUPRS.csv,BUCIM.csv
TUPRS.csv,OBAMS.csv
TUPRS.csv,FROTO.csv
TUPRS.csv,YYLGD.csv
TUPRS.csv,KZGYO.csv
TUPRS.csv,AFYON.csv
TUPRS.csv,KCAER.csv
TUPRS.csv,GWIND.csv
TUPRS.csv,ASTOR.csv
TUPRS.csv,ANSGR.csv
TUPRS.csv,ISMEN.csv
TUPRS.csv,KAYSE.csv
TUPRS.csv,ASELS.csv
TUPRS.csv,DOHOL.csv
TUPRS.csv,KCHOL.csv
TUPRS.csv,ENKAI.csv
TUPRS.csv,BERA.csv
TUPRS.csv,AGROT.csv
TUPRS.csv,BINHO.csv
TUPRS.csv,MAVI.csv
TUPRS.csv,HALKB.csv
TUPRS.csv,ALBRK.csv
TUPRS.csv,ARDYZ.csv
TUPRS.csv,KMPUR.csv
TUPRS.csv,TTKOM.csv
TUPRS.csv,OTKAR.csv
TUPRS.csv,EUPWR.csv
TUPRS.csv,SOKM.csv
TUPRS.csv,ALARK.csv
TUPRS.csv,KORDS.csv
TUPRS.csv,TTRAK.csv
TUPRS.csv,CCOLA.csv
TUPRS.csv,YEOTK.csv
KONTR.csv,BUCIM.csv
KONTR.csv,OBAMS.csv
KONTR.csv,FROTO.csv
KONTR.csv,YYLGD.csv
KONTR.csv,KZGYO.csv
KONTR.csv,AFYON.csv
KONTR.csv,KCAER.csv
KONTR.csv,GWIND.csv
KONTR.csv,ASTOR.csv
KONTR.csv,ANSGR.csv
KONTR.csv,ISMEN.csv
KONTR.csv,KAYSE.csv
KONTR.csv,ASELS.csv
KONTR.csv,DOHOL.csv
KONTR.csv,KCHOL.csv
KONTR.csv,ENKAI.csv
KONTR.csv,BERA.csv
KONTR.csv,AGROT.csv
KONTR.csv,BINHO.csv
KONTR.csv,MAVI.csv
KONTR.csv,HALKB.csv
KONTR.csv,ALBRK.csv
KONTR.csv,ARDYZ.csv
KONTR.csv,KMPUR.csv
KONTR.csv,TTKOM.csv
KONTR.csv,OTKAR.csv
KONTR.csv,EUPWR.csv
KONTR.csv,SOKM.csv
KONTR.csv,ALARK.csv
KONTR.csv,KORDS.csv
KONTR.csv,TTRAK.csv
KONTR.csv,CCOLA.csv
KONTR.csv,YEOTK.csv
BUCIM.csv,OBAMS.csv
BUCIM.csv,FROTO.csv
BUCIM.csv,YYLGD.csv
BUCIM.csv,KZGYO.csv
BUCIM.csv,AFYON.csv
BUCIM.csv,KCAER.csv
BUCIM.csv,GWIND.csv
BUCIM.csv,ASTOR.csv
BUCIM.csv,ANSGR.csv
BUCIM.csv,ISMEN.csv
BUCIM.csv,KAYSE.csv
BUCIM.csv,ASELS.csv
BUCIM.csv,DOHOL.csv
BUCIM.csv,KCHOL.csv
BUCIM.csv,ENKAI.csv
BUCIM.csv,BERA.csv
BUCIM.csv,AGROT.csv
BUCIM.csv,BINHO.csv
BUCIM.csv,MAVI.csv
BUCIM.csv,HALKB.csv
BUCIM.csv,ALBRK.csv
BUCIM.csv,ARDYZ.csv
BUCIM.csv,KMPUR.csv
BUCIM.csv,TTKOM.csv
BUCIM.csv,OTKAR.csv
BUCIM.csv,EUPWR.csv
BUCIM.csv,SOKM.csv
BUCIM.csv,ALARK.csv
BUCIM.csv,KORDS.csv
BUCIM.csv,TTRAK.csv
BUCIM.csv,CCOLA.csv
BUCIM.csv,YEOTK.csv
OBAMS.csv,FROTO.csv
OBAMS.csv,YYLGD.csv
OBAMS.csv,KZGYO.csv
OBAMS.csv,AFYON.csv
OBAMS.csv,KCAER.csv
OBAMS.csv,GWIND.csv
OBAMS.csv,ASTOR.csv
OBAMS.csv,ANSGR.csv
OBAMS.csv,ISMEN.csv
OBAMS.csv,KAYSE.csv
OBAMS.csv,ASELS.csv
OBAMS.csv,DOHOL.csv
OBAMS.csv,KCHOL.csv
OBAMS.csv,ENKAI.csv
OBAMS.csv,BERA.csv
OBAMS.csv,AGROT.csv
OBAMS.csv,BINHO.csv
OBAMS.csv,MAVI.csv
OBAMS.csv,HALKB.csv
OBAMS.csv,ALBRK.csv
OBAMS.csv,ARDYZ.csv
OBAMS.csv,KMPUR.csv
OBAMS.csv,TTKOM.csv
OBAMS.csv,OTKAR.csv
OBAMS.csv,EUPWR.csv
OBAMS.csv,SOKM.csv
OBAMS.csv,ALARK.csv
OBAMS.csv,KORDS.csv
OBAMS.csv,TTRAK.csv
OBAMS.csv,CCOLA.csv
OBAMS.csv,YEOTK.csv
FROTO.csv,YYLGD.csv
FROTO.csv,KZGYO.csv
FROTO.csv,AFYON.csv
FROTO.csv,KCAER.csv
FROTO.csv,GWIND.csv
FROTO.csv,ASTOR.csv
FROTO.csv,ANSGR.csv
FROTO.csv,ISMEN.csv
FROTO.csv,KAYSE.csv
FROTO.csv,ASELS.csv
FROTO.csv,DOHOL.csv
FROTO.csv,KCHOL.csv
FROTO.csv,ENKAI.csv
FROTO.csv,BERA.csv
FROTO.csv,AGROT.csv
FROTO.csv,BINHO.csv
FROTO.csv,MAVI.csv
FROTO.csv,HALKB.csv
FROTO.csv,ALBRK.csv
FROTO.csv,ARDYZ.csv
FROTO.csv,KMPUR.csv
FROTO.csv,TTKOM.csv
FROTO.csv,OTKAR.csv
FROTO.csv,EUPWR.csv
FROTO.csv,SOKM.csv
FROTO.csv,ALARK.csv
FROTO.csv,KORDS.csv
FROTO.csv,TTRAK.csv
FROTO.csv,CCOLA.csv
FROTO.csv,YEOTK.csv
YYLGD.csv,KZGYO.csv
YYLGD.csv,AFYON.csv
YYLGD.csv,KCAER.csv
YYLGD.csv,GWIND.csv
YYLGD.csv,ASTOR.csv
YYLGD.csv,ANSGR.csv
YYLGD.csv,ISMEN.csv
YYLGD.csv,KAYSE.csv
YYLGD.csv,ASELS.csv
YYLGD.csv,DOHOL.csv
YYLGD.csv,KCHOL.csv
YYLGD.csv,ENKAI.csv
YYLGD.csv,BERA.csv
YYLGD.csv,AGROT.csv
YYLGD.csv,BINHO.csv
YYLGD.csv,MAVI.csv
YYLGD.csv,HALKB.csv
YYLGD.csv,ALBRK.csv
YYLGD.csv,ARDYZ.csv
YYLGD.csv,KMPUR.csv
YYLGD.csv,TTKOM.csv
YYLGD.csv,OTKAR.csv
YYLGD.csv,EUPWR.csv
YYLGD.csv,SOKM.csv
YYLGD.csv,ALARK.csv
YYLGD.csv,KORDS.csv
YYLGD.csv,TTRAK.csv
YYLGD.csv,CCOLA.csv
YYLGD.csv,YEOTK.csv
KZGYO.csv,AFYON.csv
KZGYO.csv,KCAER.csv
KZGYO.csv,GWIND.csv
KZGYO.csv,ASTOR.csv
KZGYO.csv,ANSGR.csv
KZGYO.csv,ISMEN.csv
KZGYO.csv,KAYSE.csv
KZGYO.csv,ASELS.csv
KZGYO.csv,DOHOL.csv
KZGYO.csv,KCHOL.csv
KZGYO.csv,ENKAI.csv
KZGYO.csv,BERA.csv
KZGYO.csv,AGROT.csv
KZGYO.csv,BINHO.csv
KZGYO.csv,MAVI.csv
KZGYO.csv,HALKB.csv
KZGYO.csv,ALBRK.csv
KZGYO.csv,ARDYZ.csv
KZGYO.csv,KMPUR.csv
KZGYO.csv,TTKOM.csv
KZGYO.csv,OTKAR.csv
KZGYO.csv,EUPWR.csv
KZGYO.csv,SOKM.csv
KZGYO.csv,ALARK.csv
KZGYO.csv,KORDS.csv
KZGYO.csv,TTRAK.csv
KZGYO.csv,CCOLA.csv
KZGYO.csv,YEOTK.csv
AFYON.csv,KCAER.csv
AFYON.csv,GWIND.csv
AFYON.csv,ASTOR.csv
AFYON.csv,ANSGR.csv
AFYON.csv,ISMEN.csv
AFYON.csv,KAYSE.csv
AFYON.csv,ASELS.csv
AFYON.csv,DOHOL.csv
AFYON.csv,KCHOL.csv
AFYON.csv,ENKAI.csv
AFYON.csv,BERA.csv
AFYON.csv,AGROT.csv
AFYON.csv,BINHO.csv
AFYON.csv,MAVI.csv
AFYON.csv,HALKB.csv
AFYON.csv,ALBRK.csv
AFYON.csv,ARDYZ.csv
AFYON.csv,KMPUR.csv
AFYON.csv,TTKOM.csv
AFYON.csv,OTKAR.csv
AFYON.csv,EUPWR.csv
AFYON.csv,SOKM.csv
AFYON.csv,ALARK.csv
AFYON.csv,KORDS.csv
AFYON.csv,TTRAK.csv
AFYON.csv,CCOLA.csv
AFYON.csv,YEOTK.csv
KCAER.csv,GWIND.csv
KCAER.csv,ASTOR.csv
KCAER.csv,ANSGR.csv
KCAER.csv,ISMEN.csv
KCAER.csv,KAYSE.csv
KCAER.csv,ASELS.csv
KCAER.csv,DOHOL.csv
KCAER.csv,KCHOL.csv
KCAER.csv,ENKAI.csv
KCAER.csv,BERA.csv
KCAER.csv,AGROT.csv
KCAER.csv,BINHO.csv
KCAER.csv,MAVI.csv
KCAER.csv,HALKB.csv
KCAER.csv,ALBRK.csv
KCAER.csv,ARDYZ.csv
KCAER.csv,KMPUR.csv
KCAER.csv,TTKOM.csv
KCAER.csv,OTKAR.csv
KCAER.csv,EUPWR.csv
KCAER.csv,SOKM.csv
KCAER.csv,ALARK.csv
KCAER.csv,KORDS.csv
KCAER.csv,TTRAK.csv
KCAER.csv,CCOLA.csv
KCAER.csv,YEOTK.csv
GWIND.csv,ASTOR.csv
GWIND.csv,ANSGR.csv
GWIND.csv,ISMEN.csv
GWIND.csv,KAYSE.csv
GWIND.csv,ASELS.csv
GWIND.csv,DOHOL.csv
GWIND.csv,KCHOL.csv
GWIND.csv,ENKAI.csv
GWIND.csv,BERA.csv
GWIND.csv,AGROT.csv
GWIND.csv,BINHO.csv
GWIND.csv,MAVI.csv
GWIND.csv,HALKB.csv
GWIND.csv,ALBRK.csv
GWIND.csv,ARDYZ.csv
GWIND.csv,KMPUR.csv
GWIND.csv,TTKOM.csv
GWIND.csv,OTKAR.csv
GWIND.csv,EUPWR.csv
GWIND.csv,SOKM.csv
GWIND.csv,ALARK.csv
GWIND.csv,KORDS.csv
GWIND.csv,TTRAK.csv
GWIND.csv,CCOLA.csv
GWIND.csv,YEOTK.csv
ASTOR.csv,ANSGR.csv
ASTOR.csv,ISMEN.csv
ASTOR.csv,KAYSE.csv
ASTOR.csv,ASELS.csv
ASTOR.csv,DOHOL.csv
ASTOR.csv,KCHOL.csv
ASTOR.csv,ENKAI.csv
ASTOR.csv,BERA.csv
ASTOR.csv,AGROT.csv
ASTOR.csv,BINHO.csv
ASTOR.csv,MAVI.csv
ASTOR.csv,HALKB.csv
ASTOR.csv,ALBRK.csv
ASTOR.csv,ARDYZ.csv
ASTOR.csv,KMPUR.csv
ASTOR.csv,TTKOM.csv
ASTOR.csv,OTKAR.csv
ASTOR.csv,EUPWR.csv
ASTOR.csv,SOKM.csv
ASTOR.csv,ALARK.csv
ASTOR.csv,KORDS.csv
ASTOR.csv,TTRAK.csv
ASTOR.csv,CCOLA.csv
ASTOR.csv,YEOTK.csv
ANSGR.csv,ISMEN.csv
ANSGR.csv,KAYSE.csv
ANSGR.csv,ASELS.csv
ANSGR.csv,DOHOL.csv
ANSGR.csv,KCHOL.csv
ANSGR.csv,ENKAI.csv
ANSGR.csv,BERA.csv
ANSGR.csv,AGROT.csv
ANSGR.csv,BINHO.csv
ANSGR.csv,MAVI.csv
ANSGR.csv,HALKB.csv
ANSGR.csv,ALBRK.csv
ANSGR.csv,ARDYZ.csv
ANSGR.csv,KMPUR.csv
ANSGR.csv,TTKOM.csv
ANSGR.csv,OTKAR.csv
ANSGR.csv,EUPWR.csv
ANSGR.csv,SOKM.csv
ANSGR.csv,ALARK.csv
ANSGR.csv,KORDS.csv
ANSGR.csv,TTRAK.csv
ANSGR.csv,CCOLA.csv
ANSGR.csv,YEOTK.csv
ISMEN.csv,KAYSE.csv
ISMEN.csv,ASELS.csv
ISMEN.csv,DOHOL.csv
ISMEN.csv,KCHOL.csv
ISMEN.csv,ENKAI.csv
ISMEN.csv,BERA.csv
ISMEN.csv,AGROT.csv
ISMEN.csv,BINHO.csv
ISMEN.csv,MAVI.csv
ISMEN.csv,HALKB.csv
ISMEN.csv,ALBRK.csv
ISMEN.csv,ARDYZ.csv
ISMEN.csv,KMPUR.csv
ISMEN.csv,TTKOM.csv
ISMEN.csv,OTKAR.csv
ISMEN.csv,EUPWR.csv
ISMEN.csv,SOKM.csv
ISMEN.csv,ALARK.csv
ISMEN.csv,KORDS.csv
ISMEN.csv,TTRAK.csv
ISMEN.csv,CCOLA.csv
ISMEN.csv,YEOTK.csv
KAYSE.csv,ASELS.csv
KAYSE.csv,DOHOL.csv
KAYSE.csv,KCHOL.csv
KAYSE.csv,ENKAI.csv
KAYSE.csv,BERA.csv
KAYSE.csv,AGROT.csv
KAYSE.csv,BINHO.csv
KAYSE.csv,MAVI.csv
KAYSE.csv,HALKB.csv
KAYSE.csv,ALBRK.csv
KAYSE.csv,ARDYZ.csv
KAYSE.csv,KMPUR.csv
KAYSE.csv,TTKOM.csv
KAYSE.csv,OTKAR.csv
KAYSE.csv,EUPWR.csv
KAYSE.csv,SOKM.csv
KAYSE.csv,ALARK.csv
KAYSE.csv,KORDS.csv
KAYSE.csv,TTRAK.csv
KAYSE.csv,CCOLA.csv
KAYSE.csv,YEOTK.csv
ASELS.csv,DOHOL.csv
ASELS.csv,KCHOL.csv
ASELS.csv,ENKAI.csv
ASELS.csv,BERA.csv
ASELS.csv,AGROT.csv
ASELS.csv,BINHO.csv
ASELS.csv,MAVI.csv
ASELS.csv,HALKB.csv
ASELS.csv,ALBRK.csv
ASELS.csv,ARDYZ.csv
ASELS.csv,KMPUR.csv
ASELS.csv,TTKOM.csv
ASELS.csv,OTKAR.csv
ASELS.csv,EUPWR.csv
ASELS.csv,SOKM.csv
ASELS.csv,ALARK.csv
ASELS.csv,KORDS.csv
ASELS.csv,TTRAK.csv
ASELS.csv,CCOLA.csv
ASELS.csv,YEOTK.csv
DOHOL.csv,KCHOL.csv
DOHOL.csv,ENKAI.csv
DOHOL.csv,BERA.csv
DOHOL.csv,AGROT.csv
DOHOL.csv,BINHO.csv
DOHOL.csv,MAVI.csv
DOHOL.csv,HALKB.csv
DOHOL.csv,ALBRK.csv
DOHOL.csv,ARDYZ.csv
DOHOL.csv,KMPUR.csv
DOHOL.csv,TTKOM.csv
DOHOL.csv,OTKAR.csv
DOHOL.csv,EUPWR.csv
DOHOL.csv,SOKM.csv
DOHOL.csv,ALARK.csv
DOHOL.csv,KORDS.csv
DOHOL.csv,TTRAK.csv
DOHOL.csv,CCOLA.csv
DOHOL.csv,YEOTK.csv
KCHOL.csv,ENKAI.csv
KCHOL.csv,BERA.csv
KCHOL.csv,AGROT.csv
KCHOL.csv,BINHO.csv
KCHOL.csv,MAVI.csv
KCHOL.csv,HALKB.csv
KCHOL.csv,ALBRK.csv
KCHOL.csv,ARDYZ.csv
KCHOL.csv,KMPUR.csv
KCHOL.csv,TTKOM.csv
KCHOL.csv,OTKAR.csv
KCHOL.csv,EUPWR.csv
KCHOL.csv,SOKM.csv
KCHOL.csv,ALARK.csv
KCHOL.csv,KORDS.csv
KCHOL.csv,TTRAK.csv
KCHOL.csv,CCOLA.csv
KCHOL.csv,YEOTK.csv
ENKAI.csv,BERA.csv
ENKAI.csv,AGROT.csv
ENKAI.csv,BINHO.csv
ENKAI.csv,MAVI.csv
ENKAI.csv,HALKB.csv
ENKAI.csv,ALBRK.csv
ENKAI.csv,ARDYZ.csv
ENKAI.csv,KMPUR.csv
ENKAI.csv,TTKOM.csv
ENKAI.csv,OTKAR.csv
ENKAI.csv,EUPWR.csv
ENKAI.csv,SOKM.csv
ENKAI.csv,ALARK.csv
ENKAI.csv,KORDS.csv
ENKAI.csv,TTRAK.csv
ENKAI.csv,CCOLA.csv
ENKAI.csv,YEOTK.csv
BERA.csv,AGROT.csv
BERA.csv,BINHO.csv
BERA.csv,MAVI.csv
BERA.csv,HALKB.csv
BERA.csv,ALBRK.csv
BERA.csv,ARDYZ.csv
BERA.csv,KMPUR.csv
BERA.csv,TTKOM.csv
BERA.csv,OTKAR.csv
BERA.csv,EUPWR.csv
BERA.csv,SOKM.csv
BERA.csv,ALARK.csv
BERA.csv,KORDS.csv
BERA.csv,TTRAK.csv
BERA.csv,CCOLA.csv
BERA.csv,YEOTK.csv
AGROT.csv,BINHO.csv
AGROT.csv,MAVI.csv
AGROT.csv,HALKB.csv
AGROT.csv,ALBRK.csv
AGROT.csv,ARDYZ.csv
AGROT.csv,KMPUR.csv
AGROT.csv,TTKOM.csv
AGROT.csv,OTKAR.csv
AGROT.csv,EUPWR.csv
AGROT.csv,SOKM.csv
AGROT.csv,ALARK.csv
AGROT.csv,KORDS.csv
AGROT.csv,TTRAK.csv
AGROT.csv,CCOLA.csv
AGROT.csv,YEOTK.csv
BINHO.csv,MAVI.csv
BINHO.csv,HALKB.csv
BINHO.csv,ALBRK.csv
BINHO.csv,ARDYZ.csv
BINHO.csv,KMPUR.csv
BINHO.csv,TTKOM.csv
BINHO.csv,OTKAR.csv
BINHO.csv,EUPWR.csv
BINHO.csv,SOKM.csv
BINHO.csv,ALARK.csv
BINHO.csv,KORDS.csv
BINHO.csv,TTRAK.csv
BINHO.csv,CCOLA.csv
BINHO.csv,YEOTK.csv
MAVI.csv,HALKB.csv
MAVI.csv,ALBRK.csv
MAVI.csv,ARDYZ.csv
MAVI.csv,KMPUR.csv
MAVI.csv,TTKOM.csv
MAVI.csv,OTKAR.csv
MAVI.csv,EUPWR.csv
MAVI.csv,SOKM.csv
MAVI.csv,ALARK.csv
MAVI.csv,KORDS.csv
MAVI.csv,TTRAK.csv
MAVI.csv,CCOLA.csv
MAVI.csv,YEOTK.csv
HALKB.csv,ALBRK.csv
HALKB.csv,ARDYZ.csv
HALKB.csv,KMPUR.csv
HALKB.csv,TTKOM.csv
HALKB.csv,OTKAR.csv
HALKB.csv,EUPWR.csv
HALKB.csv,SOKM.csv
HALKB.csv,ALARK.csv
HALKB.csv,KORDS.csv
HALKB.csv,TTRAK.csv
HALKB.csv,CCOLA.csv
HALKB.csv,YEOTK.csv
ALBRK.csv,ARDYZ.csv
ALBRK.csv,KMPUR.csv
ALBRK.csv,TTKOM.csv
ALBRK.csv,OTKAR.csv
ALBRK.csv,EUPWR.csv
ALBRK.csv,SOKM.csv
ALBRK.csv,ALARK.csv
ALBRK.csv,KORDS.csv
ALBRK.csv,TTRAK.csv
ALBRK.csv,CCOLA.csv
ALBRK.csv,YEOTK.csv
ARDYZ.csv,KMPUR.csv
ARDYZ.csv,TTKOM.csv
ARDYZ.csv,OTKAR.csv
ARDYZ.csv,EUPWR.csv
ARDYZ.csv,SOKM.csv
ARDYZ.csv,ALARK.csv
ARDYZ.csv,KORDS.csv
ARDYZ.csv,TTRAK.csv
ARDYZ.csv,CCOLA.csv
ARDYZ.csv,YEOTK.csv
KMPUR.csv,TTKOM.csv
KMPUR.csv,OTKAR.csv
KMPUR.csv,EUPWR.csv
KMPUR.csv,SOKM.csv
KMPUR.csv,ALARK.csv
KMPUR.csv,KORDS.csv
KMPUR.csv,TTRAK.csv
KMPUR.csv,CCOLA.csv
KMPUR.csv,YEOTK.csv
TTKOM.csv,OTKAR.csv
TTKOM.csv,EUPWR.csv
TTKOM.csv,SOKM.csv
TTKOM.csv,ALARK.csv
TTKOM.csv,KORDS.csv
TTKOM.csv,TTRAK.csv
TTKOM.csv,CCOLA.csv
TTKOM.csv,YEOTK.csv
OTKAR.csv,EUPWR.csv
OTKAR.csv,SOKM.csv
OTKAR.csv,ALARK.csv
OTKAR.csv,KORDS.csv
OTKAR.csv,TTRAK.csv
OTKAR.csv,CCOLA.csv
OTKAR.csv,YEOTK.csv
EUPWR.csv,SOKM.csv
EUPWR.csv,ALARK.csv
EUPWR.csv,KORDS.csv
EUPWR.csv,TTRAK.csv
EUPWR.csv,CCOLA.csv
EUPWR.csv,YEOTK.csv
SOKM.csv,ALARK.csv
SOKM.csv,KORDS.csv
SOKM.csv,TTRAK.csv
SOKM.csv,CCOLA.csv
SOKM.csv,YEOTK.csv
ALARK.csv,KORDS.csv
ALARK.csv,TTRAK.csv
ALARK.csv,CCOLA.csv
ALARK.csv,YEOTK.csv
KORDS.csv,TTRAK.csv
KORDS.csv,CCOLA.csv
KORDS.csv,YEOTK.csv
TTRAK.csv,CCOLA.csv
TTRAK.csv,YEOTK.csv
CCOLA.csv,YEOTK.csv
